1.0,,หาราศีล่าง,,,,
2.0,,ราศีล่างหลักยาม+ราศีล่างหลักเดือน,,,,
,,,,,,
3.0,,"เอา (8,20,32)-(ราศีล่างหลักยาม+ราศีล่างหลักเดือน)",,,,
3.0,1.0,กรณีที่ 1  ผลลัพธ์ ไม่เกิน 8 ให้ เอา ผลลัพธ์ข้อ 2 ลบกับ 8,,,,
3.0,2.0,กรณีที่ 2 ผลลัพธ์เกิน 8 แต่ไม่ถึง 20 ให้ เอาผลลัพธ์ข้อ 2 ลบกับ 20,,,,
3.0,3.0,กรณีที่ 3 ผลลัพธ์เกิน 20 ให้ เอาผลลัพธ์ข้อ 2 ลบกับ 32,,,,
,,,,,,
4.0,1.0,หากวันเกิดอยู่ในช่วงสารทใหญ่ ให้ใช้ผลลัพธ์ข้อ 3 เป็นราศีล่างของหลักลัคนา,,,,
,2.0,หากวันเกิดอยู่ในช่วงสารทเล็ก ให้ใช้ผลลัพธ์ข้อ 3 ลบ 1 เพิ่มเข้าไปอีก ถึงเป็น ราศีล่างของลัคนา,,,,
,,,,,,
,,,,,,
,,,,,,
5.0,,หลังจากได้ราศีล่างหลักลัคนาแล้ว ค่อยหาราศีบนจากตาราง ตารางเดียวกับ หาราศีบนหลักเดือน,,,,
,,****ดูราศีบนหลักปี****,,,,
,,ตารางเช็คหลักลัคนา,,,,,,,,,,
,,หลักปีบน,甲,己,乙,庚,丙,辛,丁,壬,戊,癸
,,เริ่มที่,丙,,戊,,庚,,壬,,甲
,,,丙,寅,戊,寅,庚,寅,壬,寅,甲,寅
,,,丁,卯,己,卯,辛,卯,癸,卯,乙,卯
,,,戊,辰,庚,辰,壬,辰,甲,辰,丙,辰
,,,己,巳,辛,巳,癸,巳,乙,巳,丁,巳
,,,庚,午,壬,午,甲,午,丙,午,戊,午
,,,辛,未,癸,未,乙,未,丁,未,己,未
,,,壬,申,甲,申,丙,申,戊,申,庚,申
,,,癸,酉,乙,酉,丁,酉,己,酉,辛,酉
,,,甲,戌,丙,戌,戊,戌,庚,戌,壬,戌
,,,乙,亥,丁,亥,己,亥,辛,亥,癸,亥
,,,丙,子,戊,子,庚,子,壬,子,甲,子
,,,丁,丑,己,丑,辛,丑,癸,丑,乙,丑


,,ตัวอย่างการหาอายุของวัยจรใหญ่,,,,,,,,,,,,
,,เพศหญิง เกิดวันที่ 15 กันยายน พศ.2520 เวลา 13.50 น.,,,,,เทียบปฏิทินเปลี่ยนสารทเดือนมีนาคม 2524,,,,,,,
,,ลัคนา,ยาม,วัน,เดือน,ปี,เกิดในช่วงสารทใหญ่,,,,,,,
ดูตาราง,⬅️,癸,癸,乙,己,丁,,,,,,,,
,,丑,未,亥,酉,巳,,,,,,,,
,⬆️,2.0,8.0,,10.0,,,,,,,,,
,⬆️,20-(8+10),↙️,,↙️,,,,,,,,,
,,,,,,,,,,,,,,
,,,,,,,,,,,,,,
,,,,,,,,,,,,,,
,,เพศชาย เกิดวันที่ 17 มีนาคม พศ.2524 เวลา 10:222,,,,,เทียบปฏิทินเปลี่ยนสารทเดือนมีนาคม 2524,,,,,,,
,,ลัคนา,ยาม,วัน,เดือน,ปี,เกิดในช่วงสารทใหญ่,,,,,,,
ดูตาราง,⬅️,丁,己,甲,辛,辛,,,,,,,,
,,酉,巳,午,卯,酉,,,,,,,,
,⬆️,10.0,6.0,,4.0,,,,,,,,,
,⬆️,20-(6+4),↙️,,↙️,,,,,,,,,
,,,,,,,,,,,,,,
,,,,,,,,,,,,,,
,,,,,,,,,,,,,,
,,เพศหญิง เกิดวันที่  27 พฤศจิกายน พ.ศ.2520 เวลา 00:15,,,,,,,,,,,,
,,ลัคนา,ยาม,วัน,เดือน,ปี,,,,,,,,
ดูตาราง,⬅️,乙,壬,戊,辛,丁,,,,,,,,
,,巳,子,子,亥,巳,,,,,,,,
,⬆️,6.0,1.0,,12.0,,,,,,,,,
,⬆️,20-(1+12)-1,↙️,,↙️,,,,,,,,,
,,*ลบ 1 เพิ่มเพราะเปิดในสารทเล็ก,,,,,,,,,,,,
,,*อ้างอิงตารางตัดสารท ปี 2517 เดือน พฤศจิกายน,,,,,,,,,,,,
,,สารทใหญ่,,สารทเล็ก,,,,,,,,,,
,,7-22 พย เวลา 7:22,,22 พย เวลา 7:23-6 ธค,,,,,,,,,,
,,,,เกิด 27 พย อยู่ในสารทเล็ก ลบเพิ่ม อีก -1


,,เพศชาย เกิดวันที่ 5 เมษายน พศ.2523 เวลา 7:30 น,,,,,เทียบปฏิทินเปลี่ยนสารทเดือนมีนาคม 2524
,,ลัคนา,ยาม,วัน,เดือน,ปี,เกิดในช่วงสารทใหญ่
ดูตาราง,⬅️,乙,丙,戊,庚,庚
,,酉,辰,申,辰,申
,⬆️,10.0,5.0,,5.0,
,⬆️,20-(5+5),↙️,,↙️,



,,เพศชาย เกิดวันที่ 8 เมษายน พศ.2566 เวลา 1:30 น,,,,,เทียบปฏิทินเปลี่ยนสารทเดือนมีนาคม 2524
,,ลัคนา,ยาม,วัน,เดือน,ปี,เกิดในช่วงสารทใหญ่
ดูตาราง,⬅️,甲,己,丙,丙,癸
,,子,丑,申,辰,申
,⬆️,1.0,2.0,,5.0,
,⬆️,8-(2+5),↙️,,↙️,


,,เพศหญิง เกิดวันที่ 4 ตค พศ.2524 เวลา 21:30 น,,,,,เทียบปฏิทินเปลี่ยนสารทเดือนมีนาคม 2524
,,ลัคนา,ยาม,วัน,เดือน,ปี,เกิดในช่วงสารทใหญ่
ดูตาราง,⬅️,丙,丁,乙,丁,辛
,,申,亥,卯,酉,酉
,⬆️,1.0,2.0,,5.0,
,⬆️,32-(12+10)-1,↙️,,↙️,
,,สารทใหญ่,,สารทเล็ก
,,8-23 พย เวลา 11:04,,23 พย เวลา11:05 - 8 ตค 17:08
,,,,เกิด 4 ตค อยู่ในสารทเล็ก ลบเพิ่ม อีก -1
