หลักวัน,,,ความหมายนิสัย,,,,,,,,,,,,,,,,,,,,,,,,,,,,,,,,,,,
ม1,甲,,เป็นคนใจดี มีเมตตา รักการทำบุญ ชอบช่วยเหลือผู้อื่น มุ่งมั่น ขยัน และใฝ่รู้ มีศักดิ์ศรี รักการพัฒนาและเรียนรู้ไม่สิ้นสุด มีความอดทน ยอมคน รักความสงบ ไม่ชอบมีเรื่องกับใคร เปิดเผย ชัดเจน คิดกว้าง มองไกล มีความพยายาม และรักครอบครัว,,,,,,,,,,,,,,,,,,,,,,,,,,,,,,,,,,,
1.0,子,,เคลื่อนไหวไว ไหวพริบดี มักระวังตัวและไม่ประมาท ชอบสังเกตและจับจังหวะก่อนลงมือ ชินกับการทำงานหรือใช้ชีวิตในช่วงกลางคืน รู้จักเลือกอยู่ในที่ที่ปลอดภัย และมีนิสัยชอบสะสมหรือเตรียมสำรองไว้ล่วงหน้าเสมอ,,,,,,,,,,,,,,,,,,,,,,,,,,,,,,,,,,,
ทอง,หมกยก,,มีความสามารถ มีเสน่ห์น่าค้นหา แต่กลับไม่ค่อยมีใครมองเห็นคุณค่า และหาคนจริงใจได้ยาก หากคุณขยันและตั้งใจในการเรียนรู้หรือทำงาน จะทำให้มีชื่อเสียงและเป็นที่ยอมรับ แม้บางช่วงจะรู้สึกท้อแท้ เบื่อหน่าย หรือไม่มีกำลังใจ แต่หากคุณผลักดันตัวเองอย่างจริงจัง ความสำเร็จจะเกิดขึ้นแน่นอน,,,,,,,,,,,,,,,,,,,,,,,,,,,,,,,,,,,
,,,,,,,,,,,,,,,,,,,,,,,,,,,,,,,,,,,,,,
ม1,甲,,เป็นคนใจดี มีเมตตา รักการทำบุญ ชอบช่วยเหลือผู้อื่น มุ่งมั่น ขยัน และใฝ่รู้ มีศักดิ์ศรี รักการพัฒนาและเรียนรู้ไม่สิ้นสุด มีความอดทน ยอมคน รักความสงบ ไม่ชอบมีเรื่องกับใคร เปิดเผย ชัดเจน คิดกว้าง มองไกล มีความพยายาม และรักครอบครัว,,,,,,,,,,,,,,,,,,,,,,,,,,,,,,,,,,,
3.0,寅,,รักอิสระ มักทำงานคนเดียว ไม่ชอบพึ่งพาผู้อื่น เงียบขรึมแต่ลงมืออย่างแม่นยำ รักพื้นที่ส่วนตัวและไม่ยอมให้ใครล้ำเส้น ใช้พลังเฉพาะเมื่อจำเป็น ไม่แสดงออกเกินเหตุ และมักไม่ไว้ใจสิ่งแปลกหน้าหรือคนที่ไม่คุ้นเคย,,,,,,,,,,,,,,,,,,,,,,,,,,,,,,,,,,,
น้ำ,ลิ่มกัว,,มีประโยชน์ต่อคนรอบข้าง สามารถช่วยเหลือผู้อื่นให้พ้นจากปัญหาได้ แต่ควรช่วยเท่าที่จำเป็น และเหมาะสมกับสถานการณ์ หากเข้าไปยุ่งมากเกินไปอาจโดนมองในแง่ไม่ดี คุณขยัน รักความยุติธรรม แต่ควรระวังความใจดีที่อาจย้อนกลับมาทำร้ายตัวเอง ลองนำสิ่งที่ชอบมาทำเป็นธุรกิจ จะเป็นโอกาสที่ดี แต่ต้องตั้งสติให้รอบคอบ เพราะคุณอาจเชื่อคนง่าย,,,,,,,,,,,,,,,,,,,,,,,,,,,,,,,,,,,
,,,,,,,,,,,,,,,,,,,,,,,,,,,,,,,,,,,,,,
ม1,甲,,เป็นคนใจดี มีเมตตา รักการทำบุญ ชอบช่วยเหลือผู้อื่น มุ่งมั่น ขยัน และใฝ่รู้ มีศักดิ์ศรี รักการพัฒนาและเรียนรู้ไม่สิ้นสุด มีความอดทน ยอมคน รักความสงบ ไม่ชอบมีเรื่องกับใคร เปิดเผย ชัดเจน คิดกว้าง มองไกล มีความพยายาม และรักครอบครัว,,,,,,,,,,,,,,,,,,,,,,,,,,,,,,,,,,,
5.0,辰,,เปี่ยมด้วยพลังที่หลากหลาย มีความสามารถรอบด้าน มักแสดงออกอย่างโดดเด่นและน่าเกรงขาม บุคลิกสง่างามและลึกลับ มีพลังในการเปลี่ยนแปลงสิ่งรอบตัวได้เหมือนควบคุมธรรมชาติ และอารมณ์เปลี่ยนแปลงรวดเร็ว ยากจะคาดเดา,,,,,,,,,,,,,,,,,,,,,,,,,,,,,,,,,,,
ไฟ,ซวย,,มีศักดิ์ศรี น่าเชื่อถือ และเป็นที่พึ่งให้คนรอบข้างได้เสมอ มีพลังบวกและสร้างรอยยิ้มให้ผู้คน แต่อย่าหลงอยู่กับความคิดหรือความรู้ของตัวเองมากเกินไป เพราะอาจทำให้เกิดความขัดแย้ง การยึดติดกับอดีตที่เคยรุ่งเรืองอาจเป็นอุปสรรค ควรเปิดใจและปรับตัวให้เข้ากับ,,,,,,,,,,,,,,,,,,,,,,,,,,,,,,,,,,,
,,,,,,,,,,,,,,,,,,,,,,,,,,,,,,,,,,,,,,
ม1,甲,,เป็นคนใจดี มีเมตตา รักการทำบุญ ชอบช่วยเหลือผู้อื่น มุ่งมั่น ขยัน และใฝ่รู้ มีศักดิ์ศรี รักการพัฒนาและเรียนรู้ไม่สิ้นสุด มีความอดทน ยอมคน รักความสงบ ไม่ชอบมีเรื่องกับใคร เปิดเผย ชัดเจน คิดกว้าง มองไกล มีความพยายาม และรักครอบครัว,,,,,,,,,,,,,,,,,,,,,,,,,,,,,,,,,,,
7.0,午,,กระฉับกระเฉง รักอิสระ ไม่ชอบการถูกบังคับ ตอบสนองไวต่อสิ่งเร้า ชอบมีสังคมเพื่อความมั่นใจ แต่ก็ต้องการพื้นที่ส่วนตัวในการปลดปล่อยพลังงาน เมื่อเริ่มต้นสิ่งใดแล้วมักหยุดยากหากยังมีแรงผลักดัน,,,,,,,,,,,,,,,,,,,,,,,,,,,,,,,,,,,
ทอง,ซี่,,มีคุณค่าในตัวเอง แต่ค่อนข้างเก็บตัว ไม่สุงสิงกับใคร จนคนอื่นอาจเข้าใจผิดว่าไม่มีความสามารถ ควรพัฒนาตัวเองให้เหมาะสมกับบทบาทในสังคม การหมกมุ่นกับสิ่งที่ชอบมากเกินไปอาจส่งผลเสียต่อสุขภาพจิต ควรก้าวออกจากพื้นที่ปลอดภัย ตั้งเป้าหมายที่ชัดเจน และพัฒนาอย่างต่อเนื่อง ผลลัพธ์ที่ดีจะตามมา,,,,,,,,,,,,,,,,,,,,,,,,,,,,,,,,,,,
,,,,,,,,,,,,,,,,,,,,,,,,,,,,,,,,,,,,,,
ม1,甲,,เป็นคนใจดี มีเมตตา รักการทำบุญ ชอบช่วยเหลือผู้อื่น มุ่งมั่น ขยัน และใฝ่รู้ มีศักดิ์ศรี รักการพัฒนาและเรียนรู้ไม่สิ้นสุด มีความอดทน ยอมคน รักความสงบ ไม่ชอบมีเรื่องกับใคร เปิดเผย ชัดเจน คิดกว้าง มองไกล มีความพยายาม และรักครอบครัว,,,,,,,,,,,,,,,,,,,,,,,,,,,,,,,,,,,
9.0,申,,คล่องแคล่ว ว่องไว มีความอยากรู้อยากเห็นสูง รักการเรียนรู้และทดลองสิ่งใหม่ มักใช้วิธีคิดสร้างสรรค์ แฝงอารมณ์ขัน และสามารถใช้สิ่งรอบตัวให้เกิดประโยชน์ได้อย่างชาญฉลาด ไม่ชอบให้ใครมาล่วงล้ำพื้นที่ส่วนตัว,,,,,,,,,,,,,,,,,,,,,,,,,,,,,,,,,,,
น้ำ,เจ๊าะ,,เป็นคนมุ่งมั่น ตั้งใจจริงในสิ่งที่ทำ แต่เมื่อถึงช่วงเวลาสำคัญอาจละทิ้งสิ่งที่เริ่มไว้ ความเอื้อเฟื้อกับคนอื่นบางครั้งกลายเป็นการทำร้ายเขาโดยไม่ตั้งใจ ควรควบคุมอารมณ์ให้ดี และคิดให้รอบคอบก่อนลงมือทำอะไร ไม่เช่นนั้นจะเกิดความเสียหายได้ง่าย หากจัดระบบความคิดให้เป็นระเบียบ จะช่วยให้เดินหน้าได้มั่นคงขึ้น,,,,,,,,,,,,,,,,,,,,,,,,,,,,,,,,,,,
,,,,,,,,,,,,,,,,,,,,,,,,,,,,,,,,,,,,,,
ม1,甲,,เป็นคนใจดี มีเมตตา รักการทำบุญ ชอบช่วยเหลือผู้อื่น มุ่งมั่น ขยัน และใฝ่รู้ มีศักดิ์ศรี รักการพัฒนาและเรียนรู้ไม่สิ้นสุด มีความอดทน ยอมคน รักความสงบ ไม่ชอบมีเรื่องกับใคร เปิดเผย ชัดเจน คิดกว้าง มองไกล มีความพยายาม และรักครอบครัว,,,,,,,,,,,,,,,,,,,,,,,,,,,,,,,,,,,
11.0,戌,,จงรักภักดี ซื่อสัตย์ ชัดเจนในความสัมพันธ์ พร้อมปกป้องคนที่รัก สื่อสารตรงไปตรงมา และใช้สัญชาตญาณในการแยกแยะความรู้สึกของผู้คน รักษาระเบียบในกลุ่ม และยึดถือความสัมพันธ์แบบมีลำดับขั้น,,,,,,,,,,,,,,,,,,,,,,,,,,,,,,,,,,,
ไฟ,เอี้ยง,,เป็นคนร่าเริง แต่ภายในมีความร้อนรุ่มในใจ หากปล่อยวางบ้างจะรู้สึกมีความสุขมากขึ้น ความสามารถที่มีหากใช้ให้ถูกทาง จะนำพาเงินทองและความสำเร็จมาให้ แต่ควรระวังการตัดสินใจด้วยอารมณ์ อย่าทำอะไรเพราะความใจร้อน ค่อย ๆ วิเคราะห์อย่างมีเหตุผล จะส่งผลดีในระยะยาว,,,,,,,,,,,,,,,,,,,,,,,,,,,,,,,,,,,
,,,,,,,,,,,,,,,,,,,,,,,,,,,,,,,,,,,,,,
ม2,乙,,เป็นคนอ่อนโยน ใจดี ชอบศิลปะและความสวยงาม มีเสน่ห์ น่ารัก เข้าใจธรรมชาติ และปรับตัวเก่ง พูดจาไพเราะ มีไอเดียดี คิดไว แก้ปัญหาเก่ง เก่งเรื่องศิลปะและการแสดงออก แต่งตัวเก่ง ดูดีมีสไตล์,,,,,,,,,,,,,,,,,,,,,,,,,,,,,,,,,,,
2.0,丑,,สุขุม อดทน เดินหน้าอย่างมั่นคง ไม่เร่งรีบ รักความสงบและไม่ชอบความขัดแย้ง ชอบอยู่ร่วมกับคนที่ไว้ใจได้ มีระเบียบในชีวิตประจำวัน และมักใช้ชีวิตแบบเดิมซ้ำ ๆ แต่หากถูกรบกวนมากเกินไป อาจแสดงอารมณ์รุนแรงได้,,,,,,,,,,,,,,,,,,,,,,,,,,,,,,,,,,,
ทอง,ซวย,,เป็นคนเก่ง แต่ไม่ค่อยทันกับโลกยุคใหม่ ยังจมอยู่กับความสำเร็จในอดีต จนทำให้ไม่กล้าเปิดใจหรือออกไปสู่โลกภายนอก ชีวิตอาจรู้สึกเงียบเหงาโดดเดี่ยว ควรก้าวข้ามกำแพงในใจ แล้วคุณจะพบโอกาสและสิ่งใหม่ ๆ ที่น่าตื่นเต้น โลกที่สดใสรออยู่ข้างหน้า,,,,,,,,,,,,,,,,,,,,,,,,,,,,,,,,,,,
,,,,,,,,,,,,,,,,,,,,,,,,,,,,,,,,,,,,,,
ม2,乙,,เป็นคนอ่อนโยน ใจดี ชอบศิลปะและความสวยงาม มีเสน่ห์ น่ารัก เข้าใจธรรมชาติ และปรับตัวเก่ง พูดจาไพเราะ มีไอเดียดี คิดไว แก้ปัญหาเก่ง เก่งเรื่องศิลปะและการแสดงออก แต่งตัวเก่ง ดูดีมีสไตล์,,,,,,,,,,,,,,,,,,,,,,,,,,,,,,,,,,,
4.0,卯,,ระมัดระวังสูง ไวต่อสิ่งรอบตัว มักตอบสนองเร็วต่อเสียงหรือสถานการณ์ผิดปกติ ทำอะไรเงียบและรวดเร็ว ไม่ชอบอยู่ในที่โล่งแจ้งหรือเสี่ยงภัย และมักถอยหนีทันทีเมื่อรู้สึกไม่ปลอดภัย,,,,,,,,,,,,,,,,,,,,,,,,,,,,,,,,,,,
น้ำ,ลิ่มกัว,,มีความสามารถในการช่วยเหลือคนที่ด้อยโอกาสในสังคม โดยเฉพาะในชุมชนท้องถิ่น ควรเริ่มจากสิ่งเล็ก ๆ ที่คุณถนัด แล้วค่อย ๆ ขยายผลอย่างมีระบบ หลีกเลี่ยงการเปิดเผยแนวคิดที่ยังไม่มั่นคง เพราะอาจโดนลอกเลียน ความรู้จริงของคุณจะสร้างผลงานที่มีคุณภาพและนำมาซึ่งชื่อเสียงและความมั่นคง,,,,,,,,,,,,,,,,,,,,,,,,,,,,,,,,,,,
,,,,,,,,,,,,,,,,,,,,,,,,,,,,,,,,,,,,,,
ม2,乙,,เป็นคนอ่อนโยน ใจดี ชอบศิลปะและความสวยงาม มีเสน่ห์ น่ารัก เข้าใจธรรมชาติ และปรับตัวเก่ง พูดจาไพเราะ มีไอเดียดี คิดไว แก้ปัญหาเก่ง เก่งเรื่องศิลปะและการแสดงออก แต่งตัวเก่ง ดูดีมีสไตล์,,,,,,,,,,,,,,,,,,,,,,,,,,,,,,,,,,,
6.0,巳,,เงียบ ขรึม และสุขุม มักใช้เวลาสังเกตก่อนลงมือ เคลื่อนไหวช้าแต่แม่นยำและรวดเร็วเมื่อจำเป็น ไวต่อสภาพแวดล้อมและอารมณ์รอบตัว ชอบอยู่ในที่สงบ ไม่วุ่นวาย และสามารถฟื้นตัวจากปัญหาได้ดีเมื่อมีเวลา,,,,,,,,,,,,,,,,,,,,,,,,,,,,,,,,,,,
ไฟ,หมกยก,,เป็นคนมีความคิดสร้างสรรค์แบบศิลปิน อาจทำให้คนอื่นมองว่าแปลก เข้ากับคนอื่นยาก จิตใจไม่แน่นอน บางครั้งอารมณ์เปลี่ยนไว แต่ถ้าคุณพัฒนาทักษะให้ถูกทาง จะประสบความสำเร็จได้ ความกล้าคิดกล้าทำเป็นข้อดี แต่ถ้ามั่นใจเกินไปอาจทำให้พลาด ควรควบคุมอารมณ์ให้สมดุล แล้วชีวิตจะราบรื่นมากขึ้น,,,,,,,,,,,,,,,,,,,,,,,,,,,,,,,,,,,
,,,,,,,,,,,,,,,,,,,,,,,,,,,,,,,,,,,,,,
ม2,乙,,เป็นคนอ่อนโยน ใจดี ชอบศิลปะและความสวยงาม มีเสน่ห์ น่ารัก เข้าใจธรรมชาติ และปรับตัวเก่ง พูดจาไพเราะ มีไอเดียดี คิดไว แก้ปัญหาเก่ง เก่งเรื่องศิลปะและการแสดงออก แต่งตัวเก่ง ดูดีมีสไตล์,,,,,,,,,,,,,,,,,,,,,,,,,,,,,,,,,,,
8.0,未,,อ่อนโยน ชอบอยู่ร่วมกับผู้อื่นเพื่อความสบายใจ บางครั้งก็ชอบความเป็นส่วนตัว มักไม่แสดงอารมณ์ชัดเจน ชอบสิ่งแวดล้อมที่ปลอดภัยและสงบ เข้าใจความรู้สึกของคนรอบข้าง และใช้การสังเกตอย่างเงียบ ๆ แทนการเผชิญหน้า,,,,,,,,,,,,,,,,,,,,,,,,,,,,,,,,,,,
ทอง,เอี้ยง,,เหมาะกับการเป็นคนในกลุ่มเล็กๆ ซึ่งมักฝันไกลเกินไปโดยไม่ประเมินความสามารถ อาจทำให้เกิดปัญหาที่แก้ไม่จบ ความดีในใจของคุณจะเป็นเกราะป้องกันภัย และวางรากฐานชีวิตให้มั่นคง ลองเริ่มต้นสร้างรายได้จากสิ่งที่คุณรัก ตั้งเป้าหมายระยะสั้น ทำให้สำเร็จทีละขั้น จะเห็นผลดี ควรหลีกเลี่ยงการลงทุนใหญ่ที่คุณไม่แน่ใจ,,,,,,,,,,,,,,,,,,,,,,,,,,,,,,,,,,,
,,,,,,,,,,,,,,,,,,,,,,,,,,,,,,,,,,,,,,
ม2,乙,,เป็นคนอ่อนโยน ใจดี ชอบศิลปะและความสวยงาม มีเสน่ห์ น่ารัก เข้าใจธรรมชาติ และปรับตัวเก่ง พูดจาไพเราะ มีไอเดียดี คิดไว แก้ปัญหาเก่ง เก่งเรื่องศิลปะและการแสดงออก แต่งตัวเก่ง ดูดีมีสไตล์,,,,,,,,,,,,,,,,,,,,,,,,,,,,,,,,,,,
10.0,酉,,ตรงต่อเวลา รู้บทบาทหน้าที่ของตนเองชัดเจน ยึดหลักลำดับขั้นในสังคม ใส่ใจพื้นที่ส่วนตัวและคนใกล้ชิด ชอบจัดระเบียบชีวิตประจำวัน และไวต่อสิ่งรบกวนหรือความไม่เรียบร้อยรอบตัว มักกระตุ้นให้คนอื่นทำงานอย่างที่ตัวเองหวัง,,,,,,,,,,,,,,,,,,,,,,,,,,,,,,,,,,,
น้ำ,เจ๊าะ,,มีอารมณ์รุนแรง จนทำให้เกิดความขัดแย้งทั้งกับตัวเองและคนรอบข้าง ควรฝึกสติและหมั่นควบคุมอารมณ์ อย่าจมอยู่กับอดีต ควรหาสิ่งใหม่ ๆ ที่สร้างแรงบันดาลใจ หลีกเลี่ยงสิ่งที่ฉาบฉวยและไม่จริงใจ จงออกเดินทางเพื่อค้นหาสิ่งที่ตัวเองรักและใช่สำหรับคุณ ความสำเร็จจะไม่ได้มาจากคำชื่นชม แต่จากความตั้งใจจริง,,,,,,,,,,,,,,,,,,,,,,,,,,,,,,,,,,,
,,,,,,,,,,,,,,,,,,,,,,,,,,,,,,,,,,,,,,
ม2,乙,,เป็นคนอ่อนโยน ใจดี ชอบศิลปะและความสวยงาม มีเสน่ห์ น่ารัก เข้าใจธรรมชาติ และปรับตัวเก่ง พูดจาไพเราะ มีไอเดียดี คิดไว แก้ปัญหาเก่ง เก่งเรื่องศิลปะและการแสดงออก แต่งตัวเก่ง ดูดีมีสไตล์,,,,,,,,,,,,,,,,,,,,,,,,,,,,,,,,,,,
12.0,亥,,ใจเย็น เฉื่อยชา นอนมาก ชอบขุดคุ้ยเรื่องเก่า ๆ รักความเรียบง่าย ชอบใช้ชีวิตสบาย ๆ ในสิ่งแวดล้อมที่ปลอดภัย มีความละเอียดในสิ่งเล็ก ๆ แม้ดูเงียบเฉย แต่มีสัมผัสไวต่อความรู้สึก และหลีกเลี่ยงสถานการณ์ที่เสียงดังหรือวุ่นวาย,,,,,,,,,,,,,,,,,,,,,,,,,,,,,,,,,,,
ไฟ,ซี่,,มีอารมณ์ภายในที่รุนแรง และพร้อมจะทำลายทุกอย่างหากไม่เป็นไปตามใจ ควรฝึกควบคุมอารมณ์อย่างจริงจัง มิฉะนั้นอาจนำไปสู่ความเสียหายหรือปัญหาที่แก้ไขยาก หากตั้งสติให้ดีและไม่วู่วาม สิ่งดี ๆ ที่รออยู่ข้างหน้าจะเป็นจริง และคุณจะได้รับความช่วยเหลือจากผู้ใหญ่หรือคนที่หวังดี,,,,,,,,,,,,,,,,,,,,,,,,,,,,,,,,,,,
,,,,,,,,,,,,,,,,,,,,,,,,,,,,,,,,,,,,,,
ฟ1,丙,,เป็นคนมีพลัง ชอบทำอะไรเต็มที่ สดใส กระตือรือร้น มั่นใจ ไม่ยอมแพ้ง่าย ชอบทำอะไรซ้ำ ๆ ตามความเคยชิน รักเพื่อน มีความรับผิดชอบ สุภาพ มีมารยาท รักความโดดเด่น ชอบตามกระแส มีศักดิ์ศรี ชอบสอน ชอบแบ่งปันความรู้ คิดกว้าง แต่มักห่วงภาพลักษณ์ โกรธง่ายแต่หายไว,,,,,,,,,,,,,,,,,,,,,,,,,,,,,,,,,,,
1.0,子,,เคลื่อนไหวไว ไหวพริบดี มักระวังตัวและไม่ประมาท ชอบสังเกตและจับจังหวะก่อนลงมือ ชินกับการทำงานหรือใช้ชีวิตในช่วงกลางคืน รู้จักเลือกอยู่ในที่ที่ปลอดภัย และมีนิสัยชอบสะสมหรือเตรียมสำรองไว้ล่วงหน้าเสมอ,,,,,,,,,,,,,,,,,,,,,,,,,,,,,,,,,,,
น้ำ,ทอ,,เป็นคนใจดี เอื้อเฟื้อเผื่อแผ่ และเป็นที่พึ่งของคนรอบข้าง แต่ต้องระวังไม่ให้ช่วยเหลือผู้อื่นจนตัวเองลำบาก ควรมีเป้าหมายชีวิตที่ชัดเจนก่อนตัดสินใจทำสิ่งใด คุณมีความมั่นใจสูงและกล้าได้กล้าเสีย แต่ต้องระวังคำเยินยอที่อาจทำให้หลงเชื่อคนง่าย ถ้าคุณมั่นคงในสิ่งที่ทำ จะประสบความสำเร็จได้,,,,,,,,,,,,,,,,,,,,,,,,,,,,,,,,,,,
,,,,,,,,,,,,,,,,,,,,,,,,,,,,,,,,,,,,,,
ฟ1,丙,,เป็นคนมีพลัง ชอบทำอะไรเต็มที่ สดใส กระตือรือร้น มั่นใจ ไม่ยอมแพ้ง่าย ชอบทำอะไรซ้ำ ๆ ตามความเคยชิน รักเพื่อน มีความรับผิดชอบ สุภาพ มีมารยาท รักความโดดเด่น ชอบตามกระแส มีศักดิ์ศรี ชอบสอน ชอบแบ่งปันความรู้ คิดกว้าง แต่มักห่วงภาพลักษณ์ โกรธง่ายแต่หายไว,,,,,,,,,,,,,,,,,,,,,,,,,,,,,,,,,,,
3.0,寅,,รักอิสระ มักทำงานคนเดียว ไม่ชอบพึ่งพาผู้อื่น เงียบขรึมแต่ลงมืออย่างแม่นยำ รักพื้นที่ส่วนตัวและไม่ยอมให้ใครล้ำเส้น ใช้พลังเฉพาะเมื่อจำเป็น ไม่แสดงออกเกินเหตุ และมักไม่ไว้ใจสิ่งแปลกหน้าหรือคนที่ไม่คุ้นเคย,,,,,,,,,,,,,,,,,,,,,,,,,,,,,,,,,,,
ไฟ,เซี่ยงแซ,,มีใจเมตตาและเป็นที่พึ่งของคนอื่นเสมอ มีความกระตือรือร้นและพัฒนาอย่างต่อเนื่อง แต่อารมณ์อาจแปรปรวนและนำไปสู่ความเสียหาย ต้องระวังความโลภ ความไม่สม่ำเสมอ และการเริ่มต้นสิ่งใดแล้วไม่ต่อเนื่อง การหมั่นเติมพลังใจให้ตัวเอง จะช่วยให้คุณก้าวหน้าได้อย่างมั่นคง,,,,,,,,,,,,,,,,,,,,,,,,,,,,,,,,,,,
,,,,,,,,,,,,,,,,,,,,,,,,,,,,,,,,,,,,,,
ฟ1,丙,,เป็นคนมีพลัง ชอบทำอะไรเต็มที่ สดใส กระตือรือร้น มั่นใจ ไม่ยอมแพ้ง่าย ชอบทำอะไรซ้ำ ๆ ตามความเคยชิน รักเพื่อน มีความรับผิดชอบ สุภาพ มีมารยาท รักความโดดเด่น ชอบตามกระแส มีศักดิ์ศรี ชอบสอน ชอบแบ่งปันความรู้ คิดกว้าง แต่มักห่วงภาพลักษณ์ โกรธง่ายแต่หายไว,,,,,,,,,,,,,,,,,,,,,,,,,,,,,,,,,,,
5.0,辰,,เปี่ยมด้วยพลังที่หลากหลาย มีความสามารถรอบด้าน มักแสดงออกอย่างโดดเด่นและน่าเกรงขาม บุคลิกสง่างามและลึกลับ มีพลังในการเปลี่ยนแปลงสิ่งรอบตัวได้เหมือนควบคุมธรรมชาติ และอารมณ์เปลี่ยนแปลงรวดเร็ว ยากจะคาดเดา,,,,,,,,,,,,,,,,,,,,,,,,,,,,,,,,,,,
ดิน,กวงตั่ว,,เป็นคนมีความรู้หลากหลาย แต่ยังไม่สามารถเปลี่ยนให้เป็นรายได้หรือความมั่นคงได้ อาจยังติดอยู่กับอดีตและไร้ทิศทาง ควรตั้งเป้าหมายให้ชัด และใช้ความรู้เดิมวางรากฐานให้แน่น หากมีความพยายามอย่างต่อเนื่อง ผลลัพธ์ที่ดีจะไม่ไกลเกินเอื้อม,,,,,,,,,,,,,,,,,,,,,,,,,,,,,,,,,,,
,,,,,,,,,,,,,,,,,,,,,,,,,,,,,,,,,,,,,,
ฟ1,丙,,เป็นคนมีพลัง ชอบทำอะไรเต็มที่ สดใส กระตือรือร้น มั่นใจ ไม่ยอมแพ้ง่าย ชอบทำอะไรซ้ำ ๆ ตามความเคยชิน รักเพื่อน มีความรับผิดชอบ สุภาพ มีมารยาท รักความโดดเด่น ชอบตามกระแส มีศักดิ์ศรี ชอบสอน ชอบแบ่งปันความรู้ คิดกว้าง แต่มักห่วงภาพลักษณ์ โกรธง่ายแต่หายไว,,,,,,,,,,,,,,,,,,,,,,,,,,,,,,,,,,,
7.0,午,,กระฉับกระเฉง รักอิสระ ไม่ชอบการถูกบังคับ ตอบสนองไวต่อสิ่งเร้า ชอบมีสังคมเพื่อความมั่นใจ แต่ก็ต้องการพื้นที่ส่วนตัวในการปลดปล่อยพลังงาน เมื่อเริ่มต้นสิ่งใดแล้วมักหยุดยากหากยังมีแรงผลักดัน,,,,,,,,,,,,,,,,,,,,,,,,,,,,,,,,,,,
น้ำ,ตี้อ๋วง,,มีความสามารถรอบด้าน และรักการเรียนรู้ แต่บางครั้งเรียนรู้มากเกินไปจนสับสนและใช้ไม่ถูกทาง เป็นคนจิตใจดีแต่ขี้หงุดหงิดง่าย ควรโฟกัสกับสิ่งที่ถนัดและทำให้ดีที่สุด หยุดเสพสิ่งที่ทำให้ไขว้เขว เช่น ข่าวสารที่มากเกินไป และอย่าช่วยเหลือคนอื่นจนตัวเองเสียหาย,,,,,,,,,,,,,,,,,,,,,,,,,,,,,,,,,,,
,,,,,,,,,,,,,,,,,,,,,,,,,,,,,,,,,,,,,,
ฟ1,丙,,เป็นคนมีพลัง ชอบทำอะไรเต็มที่ สดใส กระตือรือร้น มั่นใจ ไม่ยอมแพ้ง่าย ชอบทำอะไรซ้ำ ๆ ตามความเคยชิน รักเพื่อน มีความรับผิดชอบ สุภาพ มีมารยาท รักความโดดเด่น ชอบตามกระแส มีศักดิ์ศรี ชอบสอน ชอบแบ่งปันความรู้ คิดกว้าง แต่มักห่วงภาพลักษณ์ โกรธง่ายแต่หายไว,,,,,,,,,,,,,,,,,,,,,,,,,,,,,,,,,,,
9.0,申,,คล่องแคล่ว ว่องไว มีความอยากรู้อยากเห็นสูง รักการเรียนรู้และทดลองสิ่งใหม่ มักใช้วิธีคิดสร้างสรรค์ แฝงอารมณ์ขัน และสามารถใช้สิ่งรอบตัวให้เกิดประโยชน์ได้อย่างชาญฉลาด ไม่ชอบให้ใครมาล่วงล้ำพื้นที่ส่วนตัว,,,,,,,,,,,,,,,,,,,,,,,,,,,,,,,,,,,
ไฟ,แป่,,เป็นคนใจร้อน ทำอะไรไม่ค่อยยั้งคิด ควรฝึกสติให้มากขึ้น คิดก่อนทำและควบคุมอารมณ์ให้ดี เพราะความวู่วามอาจนำไปสู่ปัญหาและความขัดแย้ง หากคุณตั้งมั่นในศีลธรรมและหมั่นเจริญสติ ชีวิตจะเปิดทางให้เจอสิ่งใหม่ ๆ ที่ดีและมั่นคงมากขึ้น,,,,,,,,,,,,,,,,,,,,,,,,,,,,,,,,,,,
,,,,,,,,,,,,,,,,,,,,,,,,,,,,,,,,,,,,,,
ฟ1,丙,,เป็นคนมีพลัง ชอบทำอะไรเต็มที่ สดใส กระตือรือร้น มั่นใจ ไม่ยอมแพ้ง่าย ชอบทำอะไรซ้ำ ๆ ตามความเคยชิน รักเพื่อน มีความรับผิดชอบ สุภาพ มีมารยาท รักความโดดเด่น ชอบตามกระแส มีศักดิ์ศรี ชอบสอน ชอบแบ่งปันความรู้ คิดกว้าง แต่มักห่วงภาพลักษณ์ โกรธง่ายแต่หายไว,,,,,,,,,,,,,,,,,,,,,,,,,,,,,,,,,,,
11.0,戌,,จงรักภักดี ซื่อสัตย์ ชัดเจนในความสัมพันธ์ พร้อมปกป้องคนที่รัก สื่อสารตรงไปตรงมา และใช้สัญชาตญาณในการแยกแยะความรู้สึกของผู้คน รักษาระเบียบในกลุ่ม และยึดถือความสัมพันธ์แบบมีลำดับขั้น,,,,,,,,,,,,,,,,,,,,,,,,,,,,,,,,,,,
ดิน,หมอ,,สามารถสร้างตัวเองจากจุดเริ่มต้นเล็ก ๆ ได้อย่างมั่นคง แต่หากมองข้ามรายละเอียดหรือข้อผิดพลาดเล็กน้อย อาจทำให้เกิดปัญหาใหญ่ ควรใส่ใจในการวางระบบงาน และจัดการทีมให้มั่นคงก่อนขยายออกไป การมีระเบียบและรอบคอบจะนำพาความสำเร็จในระยะยาว,,,,,,,,,,,,,,,,,,,,,,,,,,,,,,,,,,,
,,,,,,,,,,,,,,,,,,,,,,,,,,,,,,,,,,,,,,
ฟ2,丁,,อ่อนโยน สุภาพ กตัญญู รอบคอบ ชอบเรียนรู้ สนใจปรัชญาและการคิดลึกซึ้ง เก่งหลายด้าน เสียสละเพื่อคนอื่น ชอบเป็นแรงบันดาลใจให้คนรอบข้าง มีความรัก เข้าใจสถานการณ์รอบตัวเก่ง มองเห็นโอกาสและแนวทางได้ดี แต่บางครั้งมัวแต่ช่วยคนอื่นจนลืมดูแลตัวเอง,,,,,,,,,,,,,,,,,,,,,,,,,,,,,,,,,,,
2.0,丑,,สุขุม อดทน เดินหน้าอย่างมั่นคง ไม่เร่งรีบ รักความสงบและไม่ชอบความขัดแย้ง ชอบอยู่ร่วมกับคนที่ไว้ใจได้ มีระเบียบในชีวิตประจำวัน และมักใช้ชีวิตแบบเดิมซ้ำ ๆ แต่หากถูกรบกวนมากเกินไป อาจแสดงอารมณ์รุนแรงได้,,,,,,,,,,,,,,,,,,,,,,,,,,,,,,,,,,,
น้ำ,หมอ,,เป็นคนขยัน ทรหดอดทน และไม่ย่อท้อต่ออุปสรรค หากลงทุนให้ถูกทาง ถูกเวลา และกับคนที่เหมาะสม จะนำมาซึ่งความมั่งคั่ง แม้บางครั้งจะเหนื่อยหรือเบื่อกับปัญหาเดิม ๆ แต่หากคุณยังมุ่งมั่นต่อไป ผลลัพธ์จะคุ้มค่าและสร้างความมั่นคงให้กับชีวิตได้มากมาย,,,,,,,,,,,,,,,,,,,,,,,,,,,,,,,,,,,
,,,,,,,,,,,,,,,,,,,,,,,,,,,,,,,,,,,,,,
ฟ2,丁,,อ่อนโยน สุภาพ กตัญญู รอบคอบ ชอบเรียนรู้ สนใจปรัชญาและการคิดลึกซึ้ง เก่งหลายด้าน เสียสละเพื่อคนอื่น ชอบเป็นแรงบันดาลใจให้คนรอบข้าง มีความรัก เข้าใจสถานการณ์รอบตัวเก่ง มองเห็นโอกาสและแนวทางได้ดี แต่บางครั้งมัวแต่ช่วยคนอื่นจนลืมดูแลตัวเอง,,,,,,,,,,,,,,,,,,,,,,,,,,,,,,,,,,,
4.0,卯,,ระมัดระวังสูง ไวต่อสิ่งรอบตัว มักตอบสนองเร็วต่อเสียงหรือสถานการณ์ผิดปกติ ทำอะไรเงียบและรวดเร็ว ไม่ชอบอยู่ในที่โล่งแจ้งหรือเสี่ยงภัย และมักถอยหนีทันทีเมื่อรู้สึกไม่ปลอดภัย,,,,,,,,,,,,,,,,,,,,,,,,,,,,,,,,,,,
ไฟ,แป่,,มีนิสัยใจร้อน โกรธง่าย และควบคุมตัวเองไม่ได้ ทำให้เสียโอกาสและความสัมพันธ์ไปหลายอย่าง ควรฝึกสมาธิและควบคุมอารมณ์ เพื่อไม่ให้ความโกรธทำร้ายตัวเองและผู้อื่น ความสามารถของคุณต้องได้รับการพัฒนาอย่างต่อเนื่อง มิฉะนั้นจะไม่เป็นที่ยอมรับ พึงระวังความหลงใหลในสิ่งผิด ๆ เพราะจะนำมาซึ่งความเดือดร้อน,,,,,,,,,,,,,,,,,,,,,,,,,,,,,,,,,,,
,,,,,,,,,,,,,,,,,,,,,,,,,,,,,,,,,,,,,,
ฟ2,丁,,อ่อนโยน สุภาพ กตัญญู รอบคอบ ชอบเรียนรู้ สนใจปรัชญาและการคิดลึกซึ้ง เก่งหลายด้าน เสียสละเพื่อคนอื่น ชอบเป็นแรงบันดาลใจให้คนรอบข้าง มีความรัก เข้าใจสถานการณ์รอบตัวเก่ง มองเห็นโอกาสและแนวทางได้ดี แต่บางครั้งมัวแต่ช่วยคนอื่นจนลืมดูแลตัวเอง,,,,,,,,,,,,,,,,,,,,,,,,,,,,,,,,,,,
6.0,巳,,เงียบ ขรึม และสุขุม มักใช้เวลาสังเกตก่อนลงมือ เคลื่อนไหวช้าแต่แม่นยำและรวดเร็วเมื่อจำเป็น ไวต่อสภาพแวดล้อมและอารมณ์รอบตัว ชอบอยู่ในที่สงบ ไม่วุ่นวาย และสามารถฟื้นตัวจากปัญหาได้ดีเมื่อมีเวลาตาม,,,,,,,,,,,,,,,,,,,,,,,,,,,,,,,,,,,
ดิน,ตี้อ๋วง,,เป็นคนมั่นใจในตัวเองสูง จนบางครั้งไม่ค่อยฟังความคิดเห็นจากผู้อื่น ความรู้ที่มีอาจใช้ไม่ตรงจุด ควรคัดกรองให้เหมาะกับตัวเอง หมั่นแยกแยะสิ่งที่ใช่เพื่อสร้างความมั่นคง ความมั่นใจที่มากเกินไปอาจปิดกั้นโอกาสดี ๆ ควรฟังผู้อื่นบ้าง เพื่อไม่ให้พลาดหรือเสียหาย หมั่นควบคุมอารมณ์ อย่าดื้อหรือใจร้อนเกินไป และอย่าปิดใจต่อคนที่คิดต่าง,,,,,,,,,,,,,,,,,,,,,,,,,,,,,,,,,,,
,,,,,,,,,,,,,,,,,,,,,,,,,,,,,,,,,,,,,,
ฟ2,丁,,อ่อนโยน สุภาพ กตัญญู รอบคอบ ชอบเรียนรู้ สนใจปรัชญาและการคิดลึกซึ้ง เก่งหลายด้าน เสียสละเพื่อคนอื่น ชอบเป็นแรงบันดาลใจให้คนรอบข้าง มีความรัก เข้าใจสถานการณ์รอบตัวเก่ง มองเห็นโอกาสและแนวทางได้ดี แต่บางครั้งมัวแต่ช่วยคนอื่นจนลืมดูแลตัวเอง,,,,,,,,,,,,,,,,,,,,,,,,,,,,,,,,,,,
8.0,未,,อ่อนโยน ชอบอยู่ร่วมกับผู้อื่นเพื่อความสบายใจ บางครั้งก็ชอบความเป็นส่วนตัว มักไม่แสดงอารมณ์ชัดเจน ชอบสิ่งแวดล้อมที่ปลอดภัยและสงบ เข้าใจความรู้สึกของคนรอบข้าง และใช้การสังเกตอย่างเงียบ ๆ แทนการเผชิญหน้า,,,,,,,,,,,,,,,,,,,,,,,,,,,,,,,,,,,
น้ำ,กวงตั่ว,,เป็นคนบุคลิกชัดเจน มีความรู้หลากหลาย และสามารถนำมาปรับใช้กับชีวิตได้ดี หากรู้จักตัวเองและพัฒนาให้ตรงจุด จะพบความสำเร็จ ควรตั้งเป้าหมายให้ชัด ไม่ไหลตามกระแสนิยม และตัดสิ่งที่ไม่จำเป็นออกจากชีวิต คุณเป็นที่พึ่งให้คนรอบข้างได้ดี และมีโอกาสสร้างความเจริญให้กับตัวเองอย่างมั่นคง,,,,,,,,,,,,,,,,,,,,,,,,,,,,,,,,,,,
,,,,,,,,,,,,,,,,,,,,,,,,,,,,,,,,,,,,,,
ฟ2,丁,,อ่อนโยน สุภาพ กตัญญู รอบคอบ ชอบเรียนรู้ สนใจปรัชญาและการคิดลึกซึ้ง เก่งหลายด้าน เสียสละเพื่อคนอื่น ชอบเป็นแรงบันดาลใจให้คนรอบข้าง มีความรัก เข้าใจสถานการณ์รอบตัวเก่ง มองเห็นโอกาสและแนวทางได้ดี แต่บางครั้งมัวแต่ช่วยคนอื่นจนลืมดูแลตัวเอง,,,,,,,,,,,,,,,,,,,,,,,,,,,,,,,,,,,
10.0,酉,,ตรงต่อเวลา รู้บทบาทหน้าที่ของตนเองชัดเจน ยึดหลักลำดับขั้นในสังคม ใส่ใจพื้นที่ส่วนตัวและคนใกล้ชิด ชอบจัดระเบียบชีวิตประจำวัน และไวต่อสิ่งรบกวนหรือความไม่เรียบร้อยรอบตัว มักกระตุ้นให้คนอื่นทำงานอย่างที่ตัวเองหวัง,,,,,,,,,,,,,,,,,,,,,,,,,,,,,,,,,,,
ไฟ,เซี่ยงแซ,,เป็นคนมีความสามารถรอบด้าน คิดเป็นระบบ สุขุมเยือกเย็น มองโลกในแง่ดี และมีทัศนคติที่ก้าวหน้า สามารถเปลี่ยนของธรรมดาให้มีคุณค่าและรายได้ การค้าขายเจริญรุ่งเรือง มีผู้สนับสนุน และมีชื่อเสียงที่ดี หากใช้ความคิดสร้างสรรค์อย่างต่อเนื่อง จะนำไปสู่ความมั่นคงและความสำเร็จ,,,,,,,,,,,,,,,,,,,,,,,,,,,,,,,,,,,
,,,,,,,,,,,,,,,,,,,,,,,,,,,,,,,,,,,,,,
ฟ2,丁,,อ่อนโยน สุภาพ กตัญญู รอบคอบ ชอบเรียนรู้ สนใจปรัชญาและการคิดลึกซึ้ง เก่งหลายด้าน เสียสละเพื่อคนอื่น ชอบเป็นแรงบันดาลใจให้คนรอบข้าง มีความรัก เข้าใจสถานการณ์รอบตัวเก่ง มองเห็นโอกาสและแนวทางได้ดี แต่บางครั้งมัวแต่ช่วยคนอื่นจนลืมดูแลตัวเอง,,,,,,,,,,,,,,,,,,,,,,,,,,,,,,,,,,,
12.0,亥,,ใจเย็น เฉื่อยชา นอนมาก ชอบขุดคุ้ยเรื่องเก่า ๆ รักความเรียบง่าย ชอบใช้ชีวิตสบาย ๆ ในสิ่งแวดล้อมที่ปลอดภัย มีความละเอียดในสิ่งเล็ก ๆ แม้ดูเงียบเฉย แต่มีสัมผัสไวต่อความรู้สึก และหลีกเลี่ยงสถานการณ์ที่เสียงดังหรือวุ่นวาย,,,,,,,,,,,,,,,,,,,,,,,,,,,,,,,,,,,
ดิน,ทอ,,เหมาะกับการทำงานที่สอดคล้องกับความสามารถ หากฝืนทำสิ่งใหญ่เกินตัว อาจเกิดความเสียหาย ควรเริ่มจากสิ่งเล็ก ๆ แล้วค่อย ๆ พัฒนา ระวังการหลงเชื่อข่าวหรือคำพูดที่ก่อให้เกิดความแตกแยก ใช้สติและมุมมองเชิงบวกในการตัดสินใจ คุณจะประสบผลสำเร็จหากไม่ละเลยความอดทน,,,,,,,,,,,,,,,,,,,,,,,,,,,,,,,,,,,
,,,,,,,,,,,,,,,,,,,,,,,,,,,,,,,,,,,,,,
ด1,戊,,เป็นคนจงรักภักดี ซื่อสัตย์ รอบคอบ น่าเชื่อถือ รักษาคำพูด ใจกว้าง พึ่งพาได้ ไม่ชอบเล่ห์เหลี่ยม เก็บความลับเก่ง สุภาพ เรียบง่าย พอใจกับสิ่งที่ตัวเองมี ชอบเก็บสะสม,,,,,,,,,,,,,,,,,,,,,,,,,,,,,,,,,,,
1.0,子,,เคลื่อนไหวไว ไหวพริบดี มักระวังตัวและไม่ประมาท ชอบสังเกตและจับจังหวะก่อนลงมือ ชินกับการทำงานหรือใช้ชีวิตในช่วงกลางคืน รู้จักเลือกอยู่ในที่ที่ปลอดภัย และมีนิสัยชอบสะสมหรือเตรียมสำรองไว้ล่วงหน้าเสมอ,,,,,,,,,,,,,,,,,,,,,,,,,,,,,,,,,,,
ไฟ,ทอ,,เป็นคนอบอุ่น ใคร ๆ ก็อยากเข้าใกล้และขอคำปรึกษา แต่ควรระวังปมในใจที่อาจทำให้คุณอารมณ์แปรปรวน หมั่นพัฒนาตนเองอย่างต่อเนื่อง และทำสิ่งต่าง ๆ ให้เสร็จทีละอย่าง ไม่ควรทำหลายอย่างพร้อมกัน เพราะอาจเกิดความเสียหายได้ คิดให้รอบคอบก่อนตัดสินใจ,,,,,,,,,,,,,,,,,,,,,,,,,,,,,,,,,,,
,,,,,,,,,,,,,,,,,,,,,,,,,,,,,,,,,,,,,,
ด1,戊,,เป็นคนจงรักภักดี ซื่อสัตย์ รอบคอบ น่าเชื่อถือ รักษาคำพูด ใจกว้าง พึ่งพาได้ ไม่ชอบเล่ห์เหลี่ยม เก็บความลับเก่ง สุภาพ เรียบง่าย พอใจกับสิ่งที่ตัวเองมี ชอบเก็บสะสม,,,,,,,,,,,,,,,,,,,,,,,,,,,,,,,,,,,
3.0,寅,,รักอิสระ มักทำงานคนเดียว ไม่ชอบพึ่งพาผู้อื่น เงียบขรึมแต่ลงมืออย่างแม่นยำ รักพื้นที่ส่วนตัวและไม่ยอมให้ใครล้ำเส้น ใช้พลังเฉพาะเมื่อจำเป็น ไม่แสดงออกเกินเหตุ และมักไม่ไว้ใจสิ่งแปลกหน้าหรือคนที่ไม่คุ้นเคย,,,,,,,,,,,,,,,,,,,,,,,,,,,,,,,,,,,
ดิน,เซี่ยงแซ,,ครอบครัวที่มั่นคงเป็นจุดเริ่มต้นของชีวิตที่มีคุณภาพสำหรับคุณ ควรยึดมั่นในเจตนารมณ์ที่ดี และหลีกเลี่ยงคำพูดจากคนไม่หวังดี เพราะอาจนำไปสู่ความเสียหาย อย่ายึดติดกับความคิดลบหรือข่าวลือที่ไม่มีมูล เพราะสิ่งเหล่านี้จะบั่นทอนความเจริญของคุณได้,,,,,,,,,,,,,,,,,,,,,,,,,,,,,,,,,,,
,,,,,,,,,,,,,,,,,,,,,,,,,,,,,,,,,,,,,,
ด1,戊,,เป็นคนจงรักภักดี ซื่อสัตย์ รอบคอบ น่าเชื่อถือ รักษาคำพูด ใจกว้าง พึ่งพาได้ ไม่ชอบเล่ห์เหลี่ยม เก็บความลับเก่ง สุภาพ เรียบง่าย พอใจกับสิ่งที่ตัวเองมี ชอบเก็บสะสม,,,,,,,,,,,,,,,,,,,,,,,,,,,,,,,,,,,
5.0,辰,,เปี่ยมด้วยพลังที่หลากหลาย มีความสามารถรอบด้าน มักแสดงออกอย่างโดดเด่นและน่าเกรงขาม บุคลิกสง่างามและลึกลับ มีพลังในการเปลี่ยนแปลงสิ่งรอบตัวได้เหมือนควบคุมธรรมชาติ และอารมณ์เปลี่ยนแปลงรวดเร็ว ยากจะคาดเดา,,,,,,,,,,,,,,,,,,,,,,,,,,,,,,,,,,,
ไม้,กวงตั่ว,,เป็นคนทะเยอทะยานและมุ่งมั่น มีคนสนับสนุนและเป็นที่พึ่งพิงของผู้อื่น คุณมีความรู้เฉพาะทางที่สามารถต่อยอดเป็นรายได้และทรัพย์สินมากมาย หากพัฒนาสิ่งที่ถนัดอย่างต่อเนื่อง จะเกิดความมั่นคงทั้งด้านการเงินและสังคม โอกาสความก้าวหน้าอยู่ในมือคุณ,,,,,,,,,,,,,,,,,,,,,,,,,,,,,,,,,,,
,,,,,,,,,,,,,,,,,,,,,,,,,,,,,,,,,,,,,,
ด1,戊,,เป็นคนจงรักภักดี ซื่อสัตย์ รอบคอบ น่าเชื่อถือ รักษาคำพูด ใจกว้าง พึ่งพาได้ ไม่ชอบเล่ห์เหลี่ยม เก็บความลับเก่ง สุภาพ เรียบง่าย พอใจกับสิ่งที่ตัวเองมี ชอบเก็บสะสม,,,,,,,,,,,,,,,,,,,,,,,,,,,,,,,,,,,
7.0,午,,กระฉับกระเฉง รักอิสระ ไม่ชอบการถูกบังคับ ตอบสนองไวต่อสิ่งเร้า ชอบมีสังคมเพื่อความมั่นใจ แต่ก็ต้องการพื้นที่ส่วนตัวในการปลดปล่อยพลังงาน เมื่อเริ่มต้นสิ่งใดแล้วมักหยุดยากหากยังมีแรงผลักดัน,,,,,,,,,,,,,,,,,,,,,,,,,,,,,,,,,,,
ไฟ,ตี้อ๋วง,,เป็นคนที่มีอารมณ์ร้อนและยากต่อการควบคุม จนอาจไม่มีใครอยากอยู่ใกล้ ควรหมั่นทบทวนตัวเอง และปรับมุมมองใหม่ ถ้าคุณเปลี่ยนทัศนคติ จะพบกับความรุ่งเรือง ควรหลีกเลี่ยงสภาพแวดล้อมที่เป็นพิษ และมองหาที่ที่สร้างพลังบวกให้กับใจของคุณ,,,,,,,,,,,,,,,,,,,,,,,,,,,,,,,,,,,
,,,,,,,,,,,,,,,,,,,,,,,,,,,,,,,,,,,,,,
ด1,戊,,เป็นคนจงรักภักดี ซื่อสัตย์ รอบคอบ น่าเชื่อถือ รักษาคำพูด ใจกว้าง พึ่งพาได้ ไม่ชอบเล่ห์เหลี่ยม เก็บความลับเก่ง สุภาพ เรียบง่าย พอใจกับสิ่งที่ตัวเองมี ชอบเก็บสะสม,,,,,,,,,,,,,,,,,,,,,,,,,,,,,,,,,,,
9.0,申,,คล่องแคล่ว ว่องไว มีความอยากรู้อยากเห็นสูง รักการเรียนรู้และทดลองสิ่งใหม่ มักใช้วิธีคิดสร้างสรรค์ แฝงอารมณ์ขัน และสามารถใช้สิ่งรอบตัวให้เกิดประโยชน์ได้อย่างชาญฉลาด ไม่ชอบให้ใครมาล่วงล้ำพื้นที่ส่วนตัว,,,,,,,,,,,,,,,,,,,,,,,,,,,,,,,,,,,
ดิน,แป่,,มีความพยายามสูง แม้จะท้อแต่ก็ไม่ยอมแพ้ อย่างไรก็ตามบางครั้งอาจล้มเลิกกลางทาง หากมีอคติในใจควรรีบปล่อยวาง และชำระใจให้ใสสะอาด ระยะเวลาคือสิ่งสำคัญ การวางแผนอย่างมีระบบจะช่วยให้คุณประสบความสำเร็จ ควรลด ละ เลิก สิ่งที่ไม่เป็นประโยชน์ และมุ่งมั่นกับสิ่งที่รักอย่างต่อเนื่อง,,,,,,,,,,,,,,,,,,,,,,,,,,,,,,,,,,,
,,,,,,,,,,,,,,,,,,,,,,,,,,,,,,,,,,,,,,
ด1,戊,,เป็นคนจงรักภักดี ซื่อสัตย์ รอบคอบ น่าเชื่อถือ รักษาคำพูด ใจกว้าง พึ่งพาได้ ไม่ชอบเล่ห์เหลี่ยม เก็บความลับเก่ง สุภาพ เรียบง่าย พอใจกับสิ่งที่ตัวเองมี ชอบเก็บสะสม,,,,,,,,,,,,,,,,,,,,,,,,,,,,,,,,,,,
11.0,戌,,จงรักภักดี ซื่อสัตย์ ชัดเจนในความสัมพันธ์ พร้อมปกป้องคนที่รัก สื่อสารตรงไปตรงมา และใช้สัญชาตญาณในการแยกแยะความรู้สึกของผู้คน รักษาระเบียบในกลุ่ม และยึดถือความสัมพันธ์แบบมีลำดับขั้น,,,,,,,,,,,,,,,,,,,,,,,,,,,,,,,,,,,
ไม้,หมอ,,เป็นคนมีคุณค่า แม้จะเติบโตในสภาพแวดล้อมที่ไม่เอื้ออำนวย แต่ก็เปี่ยมด้วยประโยชน์และเป็นที่พึ่งให้กับคนอื่นได้ดี ระวังการถูกใส่ร้ายหรือเข้าใจผิด การริเริ่มสิ่งใหม่ควรทำแบบค่อยเป็นค่อยไป ความพากเพียรและมานะของคุณจะนำไปสู่ความมั่งคั่งและสำเร็จในที่สุด,,,,,,,,,,,,,,,,,,,,,,,,,,,,,,,,,,,
,,,,,,,,,,,,,,,,,,,,,,,,,,,,,,,,,,,,,,
ด2,己,,เป็นคนขยัน ทำหลายอย่างได้พร้อมกัน มีความคิดสร้างสรรค์ เข้าใจผู้อื่น ปรับตัวเก่ง ใจดี รู้จักแบ่งปัน ใช้ทรัพยากรได้ดี เข้าใจทั้งทางโลกและทางธรรม สงบ นิ่ง เป็นมิตรกับคนรอบข้าง,,,,,,,,,,,,,,,,,,,,,,,,,,,,,,,,,,,
2.0,丑,,สุขุม อดทน เดินหน้าอย่างมั่นคง ไม่เร่งรีบ รักความสงบและไม่ชอบความขัดแย้ง ชอบอยู่ร่วมกับคนที่ไว้ใจได้ มีระเบียบในชีวิตประจำวัน และมักใช้ชีวิตแบบเดิมซ้ำ ๆ แต่หากถูกรบกวนมากเกินไป อาจแสดงอารมณ์รุนแรงได้,,,,,,,,,,,,,,,,,,,,,,,,,,,,,,,,,,,
ไฟ,หมอ,,เป็นคนมั่นใจในตัวเองมาก บางครั้งไม่เปิดใจฟังผู้อื่น และอาจแสดงออกถึงความเย่อหยิ่งโดยไม่รู้ตัว ควรลดทิฐิและปล่อยวางความคิดเดิม ๆ เพราะความยึดติดอาจทำให้คนรอบข้างตีตัวออกห่าง หากคุณเริ่มต้นจากสิ่งที่ถูกต้องและยึดหลักคุณธรรม จะสามารถสร้างความมั่นคงและความเจริญในชีวิตได้,,,,,,,,,,,,,,,,,,,,,,,,,,,,,,,,,,,
,,,,,,,,,,,,,,,,,,,,,,,,,,,,,,,,,,,,,,
ด2,己,,เป็นคนขยัน ทำหลายอย่างได้พร้อมกัน มีความคิดสร้างสรรค์ เข้าใจผู้อื่น ปรับตัวเก่ง ใจดี รู้จักแบ่งปัน ใช้ทรัพยากรได้ดี เข้าใจทั้งทางโลกและทางธรรม สงบ นิ่ง เป็นมิตรกับคนรอบข้าง,,,,,,,,,,,,,,,,,,,,,,,,,,,,,,,,,,,
4.0,卯,,ระมัดระวังสูง ไวต่อสิ่งรอบตัว มักตอบสนองเร็วต่อเสียงหรือสถานการณ์ผิดปกติ ทำอะไรเงียบและรวดเร็ว ไม่ชอบอยู่ในที่โล่งแจ้งหรือเสี่ยงภัย และมักถอยหนีทันทีเมื่อรู้สึกไม่ปลอดภัย,,,,,,,,,,,,,,,,,,,,,,,,,,,,,,,,,,,
ดิน,แป่,,ความอ่อนน้อมถ่อมตนคือจุดแข็งของคุณ ซึ่งจะนำพาชีวิตไปสู่ความเจริญทั้งทางตรงและทางอ้อม การอดทนและขยันหมั่นเพียรทำสิ่งเดิมอย่างตั้งใจ แม้เป้าหมายจะดูห่างไกล แต่หากมีความมุ่งมั่นไม่ย่อท้อ ความสำเร็จก็อยู่ไม่ไกลเกินเอื้อม,,,,,,,,,,,,,,,,,,,,,,,,,,,,,,,,,,,
,,,,,,,,,,,,,,,,,,,,,,,,,,,,,,,,,,,,,,
ด2,己,,เป็นคนขยัน ทำหลายอย่างได้พร้อมกัน มีความคิดสร้างสรรค์ เข้าใจผู้อื่น ปรับตัวเก่ง ใจดี รู้จักแบ่งปัน ใช้ทรัพยากรได้ดี เข้าใจทั้งทางโลกและทางธรรม สงบ นิ่ง เป็นมิตรกับคนรอบข้าง,,,,,,,,,,,,,,,,,,,,,,,,,,,,,,,,,,,
6.0,巳,,เงียบ ขรึม และสุขุม มักใช้เวลาสังเกตก่อนลงมือ เคลื่อนไหวช้าแต่แม่นยำและรวดเร็วเมื่อจำเป็น ไวต่อสภาพแวดล้อมและอารมณ์รอบตัว ชอบอยู่ในที่สงบ ไม่วุ่นวาย และสามารถฟื้นตัวจากปัญหาได้ดีเมื่อมีเวลา,,,,,,,,,,,,,,,,,,,,,,,,,,,,,,,,,,,
ไม้,ตี้อ๋วง,,มีจิตใจเมตตา รักการช่วยเหลือผู้อื่น แต่ควรระวังการยื่นมือช่วยเหลือจนตนเองเดือดร้อน การใช้ชีวิตแบบอิสระเกินไปอาจนำความลำบากมาสู่ตัวเอง ควรกำหนดเป้าหมายให้ชัดเจน และโฟกัสกับสิ่งที่สำคัญเพียงหนึ่งอย่าง หากทำได้ คุณจะประสบผลสำเร็จอย่างแท้จริง,,,,,,,,,,,,,,,,,,,,,,,,,,,,,,,,,,,
,,,,,,,,,,,,,,,,,,,,,,,,,,,,,,,,,,,,,,
ด2,己,,เป็นคนขยัน ทำหลายอย่างได้พร้อมกัน มีความคิดสร้างสรรค์ เข้าใจผู้อื่น ปรับตัวเก่ง ใจดี รู้จักแบ่งปัน ใช้ทรัพยากรได้ดี เข้าใจทั้งทางโลกและทางธรรม สงบ นิ่ง เป็นมิตรกับคนรอบข้าง,,,,,,,,,,,,,,,,,,,,,,,,,,,,,,,,,,,
8.0,未,,อ่อนโยน ชอบอยู่ร่วมกับผู้อื่นเพื่อความสบายใจ บางครั้งก็ชอบความเป็นส่วนตัว มักไม่แสดงอารมณ์ชัดเจน ชอบสิ่งแวดล้อมที่ปลอดภัยและสงบ เข้าใจความรู้สึกของคนรอบข้าง และใช้การสังเกตอย่างเงียบ ๆ แทนการเผชิญหน้า,,,,,,,,,,,,,,,,,,,,,,,,,,,,,,,,,,,
ไฟ,กวงตั่ว,,เป็นคนทรงคุณค่า มีความรู้ที่สามารถนำไปต่อยอดได้จริง หากนำความรู้จากอดีตมาประยุกต์ให้เข้ากับยุคปัจจุบัน จะเกิดประโยชน์อย่างมาก ไม่เพียงกับตัวคุณเอง แต่ยังรวมถึงคนในชุมชนด้วย ผลจากความพยายามของคุณจะนำมาซึ่งความสำเร็จและความมั่นคง,,,,,,,,,,,,,,,,,,,,,,,,,,,,,,,,,,,
,,,,,,,,,,,,,,,,,,,,,,,,,,,,,,,,,,,,,,
ด2,己,,เป็นคนขยัน ทำหลายอย่างได้พร้อมกัน มีความคิดสร้างสรรค์ เข้าใจผู้อื่น ปรับตัวเก่ง ใจดี รู้จักแบ่งปัน ใช้ทรัพยากรได้ดี เข้าใจทั้งทางโลกและทางธรรม สงบ นิ่ง เป็นมิตรกับคนรอบข้าง,,,,,,,,,,,,,,,,,,,,,,,,,,,,,,,,,,,
10.0,酉,,ตรงต่อเวลา รู้บทบาทหน้าที่ของตนเองชัดเจน ยึดหลักลำดับขั้นในสังคม ใส่ใจพื้นที่ส่วนตัวและคนใกล้ชิด ชอบจัดระเบียบชีวิตประจำวัน และไวต่อสิ่งรบกวนหรือความไม่เรียบร้อยรอบตัว มักกระตุ้นให้คนอื่นทำงานอย่างที่ตัวเองหวัง,,,,,,,,,,,,,,,,,,,,,,,,,,,,,,,,,,,
ดิน,เซี่ยงแซ,,เป็นคนเก่ง ปรับตัวเก่ง และได้รับการยอมรับจากสังคม มีความอ่อนโยนและชอบฟังมากกว่าพูด แม้บางคนอาจมองว่าคุณเฉยชา แต่แท้จริงแล้วคุณมีความตั้งใจสูง ถ้าคุณยิ้มแย้มและเปิดใจให้มากขึ้น จะช่วยให้คนรอบข้างเข้าใจคุณได้ดีขึ้น,,,,,,,,,,,,,,,,,,,,,,,,,,,,,,,,,,,
,,,,,,,,,,,,,,,,,,,,,,,,,,,,,,,,,,,,,,
ด2,己,,เป็นคนขยัน ทำหลายอย่างได้พร้อมกัน มีความคิดสร้างสรรค์ เข้าใจผู้อื่น ปรับตัวเก่ง ใจดี รู้จักแบ่งปัน ใช้ทรัพยากรได้ดี เข้าใจทั้งทางโลกและทางธรรม สงบ นิ่ง เป็นมิตรกับคนรอบข้าง,,,,,,,,,,,,,,,,,,,,,,,,,,,,,,,,,,,
12.0,亥,,ใจเย็น เฉื่อยชา นอนมาก ชอบขุดคุ้ยเรื่องเก่า ๆ รักความเรียบง่าย ชอบใช้ชีวิตสบาย ๆ ในสิ่งแวดล้อมที่ปลอดภัย มีความละเอียดในสิ่งเล็ก ๆ แม้ดูเงียบเฉย แต่มีสัมผัสไวต่อความรู้สึก และหลีกเลี่ยงสถานการณ์ที่เสียงดังหรือวุ่นวาย,,,,,,,,,,,,,,,,,,,,,,,,,,,,,,,,,,,
ไม้,ทอ,,มีคุณค่าในแบบของตัวเอง ไม่จำเป็นต้องเปรียบเทียบหรือแข่งขันกับใคร ขอเพียงคุณไม่ละทิ้งเป้าหมาย และลงมือทำอย่างต่อเนื่อง ผลลัพธ์ที่ได้จะคุ้มค่าเสมอ อย่าหยุดกลางคัน และงดเว้นการทำอะไรเพียงผิวเผิน คิดให้ชัด ทำให้จริง คุณจะเติบโตตามศักยภาพของตัวเอง,,,,,,,,,,,,,,,,,,,,,,,,,,,,,,,,,,,
,,,,,,,,,,,,,,,,,,,,,,,,,,,,,,,,,,,,,,
ท1,庚,,เป็นคนรักความยุติธรรม มีความรับผิดชอบ ชัดเจน แข็งแกร่ง อดทนเก่ง มีแผนการ ชอบความท้าทาย กล้าสู้ กล้าเสี่ยง เปิดเผย และไม่ยอมแพ้ต่ออุปสรรคจนกว่าจะถึงเป้าหมาย,,,,,,,,,,,,,,,,,,,,,,,,,,,,,,,,,,,
1.0,子,,เคลื่อนไหวไว ไหวพริบดี มักระวังตัวและไม่ประมาท ชอบสังเกตและจับจังหวะก่อนลงมือ ชินกับการทำงานหรือใช้ชีวิตในช่วงกลางคืน รู้จักเลือกอยู่ในที่ที่ปลอดภัย และมีนิสัยชอบสะสมหรือเตรียมสำรองไว้ล่วงหน้าเสมอ,,,,,,,,,,,,,,,,,,,,,,,,,,,,,,,,,,,
ดิน,ซี่,,มั่นใจในตัวเอง แต่บางครั้งก็เอาแต่ใจ และไม่ยอมฟังคำเตือนจากผู้อื่น ควรตั้งเป้าหมายเป็นขั้นตอน เริ่มจากสิ่งเล็ก ๆ แล้วขยับขยายอย่างมีแผน ความมั่นใจเป็นสิ่งดี แต่ถ้าเกินไปอาจทำให้เสียโอกาส ต้องระวังความขี้เกียจและการเชื่อคนง่าย,,,,,,,,,,,,,,,,,,,,,,,,,,,,,,,,,,,
,,,,,,,,,,,,,,,,,,,,,,,,,,,,,,,,,,,,,,
ท1,庚,,เป็นคนรักความยุติธรรม มีความรับผิดชอบ ชัดเจน แข็งแกร่ง อดทนเก่ง มีแผนการ ชอบความท้าทาย กล้าสู้ กล้าเสี่ยง เปิดเผย และไม่ยอมแพ้ต่ออุปสรรคจนกว่าจะถึงเป้าหมาย,,,,,,,,,,,,,,,,,,,,,,,,,,,,,,,,,,,
3.0,寅,,รักอิสระ มักทำงานคนเดียว ไม่ชอบพึ่งพาผู้อื่น เงียบขรึมแต่ลงมืออย่างแม่นยำ รักพื้นที่ส่วนตัวและไม่ยอมให้ใครล้ำเส้น ใช้พลังเฉพาะเมื่อจำเป็น ไม่แสดงออกเกินเหตุ และมักไม่ไว้ใจสิ่งแปลกหน้าหรือคนที่ไม่คุ้นเคย,,,,,,,,,,,,,,,,,,,,,,,,,,,,,,,,,,,
ไม้,เจ๊าะ,,เป็นคนมีความมั่นใจสูง ยึดมั่นในความคิดของตัวเอง แต่ก็มีจิตใจเมตตา พร้อมช่วยเหลือผู้อื่น อย่างไรก็ตาม ควรระวังคนใกล้ตัวที่อาจนำปัญหามาให้ ความไว้ใจที่มากเกินไป โดยไม่ไตร่ตรองให้รอบด้าน อาจทำให้คุณเสียหายได้ ควรเปิดใจฟังหลายมุม และใช้วิจารณญาณให้ดี,,,,,,,,,,,,,,,,,,,,,,,,,,,,,,,,,,,
,,,,,,,,,,,,,,,,,,,,,,,,,,,,,,,,,,,,,,
ท1,庚,,เป็นคนรักความยุติธรรม มีความรับผิดชอบ ชัดเจน แข็งแกร่ง อดทนเก่ง มีแผนการ ชอบความท้าทาย กล้าสู้ กล้าเสี่ยง เปิดเผย และไม่ยอมแพ้ต่ออุปสรรคจนกว่าจะถึงเป้าหมาย,,,,,,,,,,,,,,,,,,,,,,,,,,,,,,,,,,,
5.0,辰,,เปี่ยมด้วยพลังที่หลากหลาย มีความสามารถรอบด้าน มักแสดงออกอย่างโดดเด่นและน่าเกรงขาม บุคลิกสง่างามและลึกลับ มีพลังในการเปลี่ยนแปลงสิ่งรอบตัวได้เหมือนควบคุมธรรมชาติ และอารมณ์เปลี่ยนแปลงรวดเร็ว ยากจะคาดเดา,,,,,,,,,,,,,,,,,,,,,,,,,,,,,,,,,,,
ทอง,เอี้ยง,,กล้าแสดงออก มีความมั่นใจสูง และพูดตรงไปตรงมา แต่บางครั้งทำให้คนรอบข้างรู้สึกอึดอัด หากผ่อนอารมณ์ลงบ้าง จะทำให้คุณเข้าใจผู้อื่นและได้รับมิตรภาพที่ดี ความกล้าได้กล้าเสียของคุณจะนำผลลัพธ์ที่ดีมาให้ หากคุณคิดอย่างรอบคอบและเปิดใจให้กว้างขึ้น,,,,,,,,,,,,,,,,,,,,,,,,,,,,,,,,,,,
,,,,,,,,,,,,,,,,,,,,,,,,,,,,,,,,,,,,,,
ท1,庚,,เป็นคนรักความยุติธรรม มีความรับผิดชอบ ชัดเจน แข็งแกร่ง อดทนเก่ง มีแผนการ ชอบความท้าทาย กล้าสู้ กล้าเสี่ยง เปิดเผย และไม่ยอมแพ้ต่ออุปสรรคจนกว่าจะถึงเป้าหมาย,,,,,,,,,,,,,,,,,,,,,,,,,,,,,,,,,,,
7.0,午,,กระฉับกระเฉง รักอิสระ ไม่ชอบการถูกบังคับ ตอบสนองไวต่อสิ่งเร้า ชอบมีสังคมเพื่อความมั่นใจ แต่ก็ต้องการพื้นที่ส่วนตัวในการปลดปล่อยพลังงาน เมื่อเริ่มต้นสิ่งใดแล้วมักหยุดยากหากยังมีแรงผลักดัน,,,,,,,,,,,,,,,,,,,,,,,,,,,,,,,,,,,
ดิน,หมกยก,,มีคุณค่า แต่บ่อยครั้งกลับถูกมองเป็นเพียงคนที่ถูกเรียกใช้เมื่อมีปัญหา และถูกลืมเมื่องานจบ ความสามารถของคุณโดดเด่น แต่ควรระวังความเย่อหยิ่งที่อาจทำให้เสียโอกาสดี ๆ ใช้ความรู้ในทางที่ถูกต้อง จะทำให้คุณเจริญก้าวหน้า ควรระวังคำพูดหวานจากคนที่ไม่จริงใจ,,,,,,,,,,,,,,,,,,,,,,,,,,,,,,,,,,,
,,,,,,,,,,,,,,,,,,,,,,,,,,,,,,,,,,,,,,
ท1,庚,,เป็นคนรักความยุติธรรม มีความรับผิดชอบ ชัดเจน แข็งแกร่ง อดทนเก่ง มีแผนการ ชอบความท้าทาย กล้าสู้ กล้าเสี่ยง เปิดเผย และไม่ยอมแพ้ต่ออุปสรรคจนกว่าจะถึงเป้าหมาย,,,,,,,,,,,,,,,,,,,,,,,,,,,,,,,,,,,
9.0,申,,คล่องแคล่ว ว่องไว มีความอยากรู้อยากเห็นสูง รักการเรียนรู้และทดลองสิ่งใหม่ มักใช้วิธีคิดสร้างสรรค์ แฝงอารมณ์ขัน และสามารถใช้สิ่งรอบตัวให้เกิดประโยชน์ได้อย่างชาญฉลาด ไม่ชอบให้ใครมาล่วงล้ำพื้นที่ส่วนตัว,,,,,,,,,,,,,,,,,,,,,,,,,,,,,,,,,,,
ไม้,ลิ่มกัว,,เป็นคนขยัน อดทน และพยายามอย่างมากเพื่อความสำเร็จ แม้จะมาจากครอบครัวที่ไม่มั่นคง แต่คุณไม่ยอมแพ้ พร้อมลุกขึ้นสู้ด้วยตัวเอง การลงมือทำอย่างเป็นขั้นตอน มีแผน และไม่หยุดพัฒนา จะทำให้คุณได้รับผลตอบแทนที่คุ้มค่า และมีคนดีคอยช่วยเหลือเสมอ,,,,,,,,,,,,,,,,,,,,,,,,,,,,,,,,,,,
,,,,,,,,,,,,,,,,,,,,,,,,,,,,,,,,,,,,,,
ท1,庚,,เป็นคนรักความยุติธรรม มีความรับผิดชอบ ชัดเจน แข็งแกร่ง อดทนเก่ง มีแผนการ ชอบความท้าทาย กล้าสู้ กล้าเสี่ยง เปิดเผย และไม่ยอมแพ้ต่ออุปสรรคจนกว่าจะถึงเป้าหมาย,,,,,,,,,,,,,,,,,,,,,,,,,,,,,,,,,,,
11.0,戌,,จงรักภักดี ซื่อสัตย์ ชัดเจนในความสัมพันธ์ พร้อมปกป้องคนที่รัก สื่อสารตรงไปตรงมา และใช้สัญชาตญาณในการแยกแยะความรู้สึกของผู้คน รักษาระเบียบในกลุ่ม และยึดถือความสัมพันธ์แบบมีลำดับขั้น,,,,,,,,,,,,,,,,,,,,,,,,,,,,,,,,,,,
ทอง,ซวย,,มีคุณค่าในตัวเอง แต่บางครั้งยึดมั่นในศักดิ์ศรีมากเกินไป อาจทำให้คนอื่นมองว่าดื้อหรือล้าสมัย ควรเปิดใจ ปรับตัวให้ทันยุค และยอมรับความรู้ใหม่ ๆ ความรู้เดิมหากนำมาพัฒนาให้เข้ากับปัจจุบัน จะยิ่งเสริมให้คุณเป็นที่ยอมรับมากขึ้นในสังคม,,,,,,,,,,,,,,,,,,,,,,,,,,,,,,,,,,,
,,,,,,,,,,,,,,,,,,,,,,,,,,,,,,,,,,,,,,
ท2,辛,,ให้ความสำคัญกับภาพลักษณ์ ชอบแต่งตัวดี มีรสนิยม พูดจาดี ฉลาด มีไหวพริบ เป็นมิตรภายนอกแต่จริงใจ รับฟังเหตุผล วางแผนเก่ง รักศิลปะ เทคโนโลยี และชอบเป็นจุดสนใจ ถ้าไม่ได้รับความสนใจ อาจสร้างสถานการณ์ให้ตัวเองโดดเด่นขึ้นมาได้,,,,,,,,,,,,,,,,,,,,,,,,,,,,,,,,,,,
2.0,丑,,สุขุม อดทน เดินหน้าอย่างมั่นคง ไม่เร่งรีบ รักความสงบและไม่ชอบความขัดแย้ง ชอบอยู่ร่วมกับคนที่ไว้ใจได้ มีระเบียบในชีวิตประจำวัน และมักใช้ชีวิตแบบเดิมซ้ำ ๆ แต่หากถูกรบกวนมากเกินไป อาจแสดงอารมณ์รุนแรงได้,,,,,,,,,,,,,,,,,,,,,,,,,,,,,,,,,,,
ดิน,เอี้ยง,,อาจรู้สึกไม่มั่นใจ และตัดสินใจผิดพลาดบ่อยครั้ง เพราะขาดความชัดเจนในใจหรือได้รับคำแนะนำที่ไม่ถูกต้อง ควรศึกษาข้อมูลให้ลึกซึ้งก่อนลงมือ และหาคนที่ไว้ใจได้ไว้ปรึกษา อย่าทำอะไรโดยไม่คิด เพราะอาจนำไปสู่ความเสียใจและความผิดหวัง,,,,,,,,,,,,,,,,,,,,,,,,,,,,,,,,,,,
,,,,,,,,,,,,,,,,,,,,,,,,,,,,,,,,,,,,,,
ท2,辛,,ให้ความสำคัญกับภาพลักษณ์ ชอบแต่งตัวดี มีรสนิยม พูดจาดี ฉลาด มีไหวพริบ เป็นมิตรภายนอกแต่จริงใจ รับฟังเหตุผล วางแผนเก่ง รักศิลปะ เทคโนโลยี และชอบเป็นจุดสนใจ ถ้าไม่ได้รับความสนใจ อาจสร้างสถานการณ์ให้ตัวเองโดดเด่นขึ้นมาได้,,,,,,,,,,,,,,,,,,,,,,,,,,,,,,,,,,,
4.0,卯,,ระมัดระวังสูง ไวต่อสิ่งรอบตัว มักตอบสนองเร็วต่อเสียงหรือสถานการณ์ผิดปกติ ทำอะไรเงียบและรวดเร็ว ไม่ชอบอยู่ในที่โล่งแจ้งหรือเสี่ยงภัย และมักถอยหนีทันทีเมื่อรู้สึกไม่ปลอดภัย,,,,,,,,,,,,,,,,,,,,,,,,,,,,,,,,,,,
ไม้,เจ๊าะ,,มีน้ำใจและมีเพื่อนมาก แต่ต้องระวังเรื่องการเงินและสุขภาพ อย่าทำอะไรเกินตัว หรือหลงเชื่อคำพูดสวยหรูเกินจริง เพราะอาจนำไปสู่ความเสียหาย ควรระมัดระวังเรื่องเอกสาร และไม่คล้อยตามคนหมู่มากโดยไม่ไตร่ตรองให้ดี,,,,,,,,,,,,,,,,,,,,,,,,,,,,,,,,,,,
,,,,,,,,,,,,,,,,,,,,,,,,,,,,,,,,,,,,,,
ท2,辛,,ให้ความสำคัญกับภาพลักษณ์ ชอบแต่งตัวดี มีรสนิยม พูดจาดี ฉลาด มีไหวพริบ เป็นมิตรภายนอกแต่จริงใจ รับฟังเหตุผล วางแผนเก่ง รักศิลปะ เทคโนโลยี และชอบเป็นจุดสนใจ ถ้าไม่ได้รับความสนใจ อาจสร้างสถานการณ์ให้ตัวเองโดดเด่นขึ้นมาได้,,,,,,,,,,,,,,,,,,,,,,,,,,,,,,,,,,,
6.0,巳,,เงียบ ขรึม และสุขุม มักใช้เวลาสังเกตก่อนลงมือ เคลื่อนไหวช้าแต่แม่นยำและรวดเร็วเมื่อจำเป็น ไวต่อสภาพแวดล้อมและอารมณ์รอบตัว ชอบอยู่ในที่สงบ ไม่วุ่นวาย และสามารถฟื้นตัวจากปัญหาได้ดีเมื่อมีเวลา,,,,,,,,,,,,,,,,,,,,,,,,,,,,,,,,,,,
ทอง,ซี่,,เป็นคนที่มีเป้าหมายชัดเจน และพัฒนาอย่างต่อเนื่อง แม้คนอื่นจะไม่เข้าใจหรือมองไม่เห็นค่าในตัวคุณ อย่าให้คำพูดคนอื่นมาทำให้ท้อถอย หากคุณมุ่งมั่น ไม่หยุดสร้างสรรค์ผลงาน ความสำเร็จจะเป็นของคุณแน่นอน,,,,,,,,,,,,,,,,,,,,,,,,,,,,,,,,,,,
,,,,,,,,,,,,,,,,,,,,,,,,,,,,,,,,,,,,,,
ท2,辛,,ให้ความสำคัญกับภาพลักษณ์ ชอบแต่งตัวดี มีรสนิยม พูดจาดี ฉลาด มีไหวพริบ เป็นมิตรภายนอกแต่จริงใจ รับฟังเหตุผล วางแผนเก่ง รักศิลปะ เทคโนโลยี และชอบเป็นจุดสนใจ ถ้าไม่ได้รับความสนใจ อาจสร้างสถานการณ์ให้ตัวเองโดดเด่นขึ้นมาได้,,,,,,,,,,,,,,,,,,,,,,,,,,,,,,,,,,,
8.0,未,,อ่อนโยน ชอบอยู่ร่วมกับผู้อื่นเพื่อความสบายใจ บางครั้งก็ชอบความเป็นส่วนตัว มักไม่แสดงอารมณ์ชัดเจน ชอบสิ่งแวดล้อมที่ปลอดภัยและสงบ เข้าใจความรู้สึกของคนรอบข้าง และใช้การสังเกตอย่างเงียบ ๆ แทนการเผชิญหน้า,,,,,,,,,,,,,,,,,,,,,,,,,,,,,,,,,,,
ดิน,ซวย,,มีความสามารถมากมาย เพียงแต่ยังไม่ได้นำออกมาใช้ให้เต็มที่ อาจรู้สึกเหนื่อยล้าหรือไม่ทันยุค ควรเปิดใจและพัฒนาตัวเองต่อไป อย่าปล่อยให้คำว่า “ทำไม่ได้” มาขวางกั้น โอกาสจะเกิดเมื่อคุณกล้าเริ่มต้นและใช้ศักยภาพที่มีอย่างจริงจัง,,,,,,,,,,,,,,,,,,,,,,,,,,,,,,,,,,,
,,,,,,,,,,,,,,,,,,,,,,,,,,,,,,,,,,,,,,
ท2,辛,,ให้ความสำคัญกับภาพลักษณ์ ชอบแต่งตัวดี มีรสนิยม พูดจาดี ฉลาด มีไหวพริบ เป็นมิตรภายนอกแต่จริงใจ รับฟังเหตุผล วางแผนเก่ง รักศิลปะ เทคโนโลยี และชอบเป็นจุดสนใจ ถ้าไม่ได้รับความสนใจ อาจสร้างสถานการณ์ให้ตัวเองโดดเด่นขึ้นมาได้,,,,,,,,,,,,,,,,,,,,,,,,,,,,,,,,,,,
10.0,酉,,ตรงต่อเวลา รู้บทบาทหน้าที่ของตนเองชัดเจน ยึดหลักลำดับขั้นในสังคม ใส่ใจพื้นที่ส่วนตัวและคนใกล้ชิด ชอบจัดระเบียบชีวิตประจำวัน และไวต่อสิ่งรบกวนหรือความไม่เรียบร้อยรอบตัว มักกระตุ้นให้คนอื่นทำงานอย่างที่ตัวเองหวัง,,,,,,,,,,,,,,,,,,,,,,,,,,,,,,,,,,,
ไม้,ลิ่มกัว,,มั่นใจในตัวเอง แต่ต้องแบกรับภาระจากครอบครัวมากมาย จนอาจส่งผลต่อการใช้ชีวิต หากทำอะไรเกินตัวจะเสียหาย ควรค่อยเป็นค่อยไป หาความรู้ใหม่ ๆ พัฒนาในสิ่งที่ถนัด และอย่าทำตามกระแส คิดใหม่ ปรับตัว แล้วความรุ่งเรืองจะตามมา,,,,,,,,,,,,,,,,,,,,,,,,,,,,,,,,,,,
,,,,,,,,,,,,,,,,,,,,,,,,,,,,,,,,,,,,,,
ท2,辛,,ให้ความสำคัญกับภาพลักษณ์ ชอบแต่งตัวดี มีรสนิยม พูดจาดี ฉลาด มีไหวพริบ เป็นมิตรภายนอกแต่จริงใจ รับฟังเหตุผล วางแผนเก่ง รักศิลปะ เทคโนโลยี และชอบเป็นจุดสนใจ ถ้าไม่ได้รับความสนใจ อาจสร้างสถานการณ์ให้ตัวเองโดดเด่นขึ้นมาได้,,,,,,,,,,,,,,,,,,,,,,,,,,,,,,,,,,,
12.0,亥,,ใจเย็น เฉื่อยชา นอนมาก ชอบขุดคุ้ยเรื่องเก่า ๆ รักความเรียบง่าย ชอบใช้ชีวิตสบาย ๆ ในสิ่งแวดล้อมที่ปลอดภัย มีความละเอียดในสิ่งเล็ก ๆ แม้ดูเงียบเฉย แต่มีสัมผัสไวต่อความรู้สึก และหลีกเลี่ยงสถานการณ์ที่เสียงดังหรือวุ่นวาย,,,,,,,,,,,,,,,,,,,,,,,,,,,,,,,,,,,
ทอง,หมกยก,,ไม่ว่าคุณจะอยู่ที่ไหน คุณก็มีคุณค่าในตัวเอง ความสามารถของคุณเป็นที่ต้องการของตลาด หากใช้จุดเด่นของตัวเองให้ถูกทาง และพัฒนาความรู้ใหม่ ๆ อย่างสม่ำเสมอ จะทำให้คุณประสบความสำเร็จ และเปลี่ยนแรงบันดาลใจให้กลายเป็นรายได้,,,,,,,,,,,,,,,,,,,,,,,,,,,,,,,,,,,
,,,,,,,,,,,,,,,,,,,,,,,,,,,,,,,,,,,,,,
น1,壬,,ปรับตัวเก่ง อยู่กับใครก็ได้ มีพลังและฉลาดลึก ชอบแบ่งปันและประยุกต์ความรู้ รักอิสระ ชอบผจญภัย เข้าสังคมเก่ง ชอบเดินทาง คิดลึก รู้สึกไว ชอบเสี่ยง ตั้งใจจริง และไม่ชอบอยู่เฉยหรือตามคนอื่น อารมณ์ทางเพศสูง,,,,,,,,,,,,,,,,,,,,,,,,,,,,,,,,,,,
1.0,子,,เคลื่อนไหวไว ไหวพริบดี มักระวังตัวและไม่ประมาท ชอบสังเกตและจับจังหวะก่อนลงมือ ชินกับการทำงานหรือใช้ชีวิตในช่วงกลางคืน รู้จักเลือกอยู่ในที่ที่ปลอดภัย และมีนิสัยชอบสะสมหรือเตรียมสำรองไว้ล่วงหน้าเสมอ,,,,,,,,,,,,,,,,,,,,,,,,,,,,,,,,,,,
ไม้,ตี้อ๋วง,,มีความสามารถรอบด้าน และสามารถเข้ากับสถานการณ์ต่าง ๆ ได้ดี มีเสน่ห์ เป็นคนจริงใจ และรักคุณธรรม แต่ต้องระวังการหลงตัวเอง หรือถูกคนอื่นนินทา ควรใช้เสน่ห์ในทางที่เหมาะสม จะนำพาคุณไปสู่ชื่อเสียงและความสำเร็จ,,,,,,,,,,,,,,,,,,,,,,,,,,,,,,,,,,,
,,,,,,,,,,,,,,,,,,,,,,,,,,,,,,,,,,,,,,
น1,壬,,ปรับตัวเก่ง อยู่กับใครก็ได้ มีพลังและฉลาดลึก ชอบแบ่งปันและประยุกต์ความรู้ รักอิสระ ชอบผจญภัย เข้าสังคมเก่ง ชอบเดินทาง คิดลึก รู้สึกไว ชอบเสี่ยง ตั้งใจจริง และไม่ชอบอยู่เฉยหรือตามคนอื่น อารมณ์ทางเพศสูง,,,,,,,,,,,,,,,,,,,,,,,,,,,,,,,,,,,
3.0,寅,,รักอิสระ มักทำงานคนเดียว ไม่ชอบพึ่งพาผู้อื่น เงียบขรึมแต่ลงมืออย่างแม่นยำ รักพื้นที่ส่วนตัวและไม่ยอมให้ใครล้ำเส้น ใช้พลังเฉพาะเมื่อจำเป็น ไม่แสดงออกเกินเหตุ และมักไม่ไว้ใจสิ่งแปลกหน้าหรือคนที่ไม่คุ้นเคย,,,,,,,,,,,,,,,,,,,,,,,,,,,,,,,,,,,
ทอง,แป่,,ขยันและไม่กลัวงานหนัก แต่ควรเลือกทำสิ่งที่เหมาะสมกับเวลาและบุคคล อย่าทำอะไรหลายอย่างพร้อมกันหรือเกินกำลัง เพราะอาจกระทบการเงิน ควรตั้งเป้าหมายชัดเจน ทำให้สำเร็จทีละเรื่อง และเปิดใจรับคำแนะนำจากผู้มีประสบการณ์,,,,,,,,,,,,,,,,,,,,,,,,,,,,,,,,,,,
,,,,,,,,,,,,,,,,,,,,,,,,,,,,,,,,,,,,,,
น1,壬,,ปรับตัวเก่ง อยู่กับใครก็ได้ มีพลังและฉลาดลึก ชอบแบ่งปันและประยุกต์ความรู้ รักอิสระ ชอบผจญภัย เข้าสังคมเก่ง ชอบเดินทาง คิดลึก รู้สึกไว ชอบเสี่ยง ตั้งใจจริง และไม่ชอบอยู่เฉยหรือตามคนอื่น อารมณ์ทางเพศสูง,,,,,,,,,,,,,,,,,,,,,,,,,,,,,,,,,,,
5.0,辰,,เปี่ยมด้วยพลังที่หลากหลาย มีความสามารถรอบด้าน มักแสดงออกอย่างโดดเด่นและน่าเกรงขาม บุคลิกสง่างามและลึกลับ มีพลังในการเปลี่ยนแปลงสิ่งรอบตัวได้เหมือนควบคุมธรรมชาติ และอารมณ์เปลี่ยนแปลงรวดเร็ว ยากจะคาดเดา,,,,,,,,,,,,,,,,,,,,,,,,,,,,,,,,,,,
น้ำ,หมอ,,เป็นคนมีความสามารถหลายด้าน ทำงานอย่างมีระบบ และกล้าคิดกล้าทำในสิ่งที่เหมาะกับตัวเอง ไม่ตามกระแส หากหมั่นพัฒนาตนเองและมีวินัยในการเก็บออม อนาคตคุณจะมั่นคั่ง ทั้งในด้านการเงินและโอกาสใหม่ ๆ ที่รออยู่ข้างหน้า,,,,,,,,,,,,,,,,,,,,,,,,,,,,,,,,,,,
,,,,ี,,,,,,,,,,,,,,,,,,,,,,,,,,,,,,,,,,
น1,壬,,ปรับตัวเก่ง อยู่กับใครก็ได้ มีพลังและฉลาดลึก ชอบแบ่งปันและประยุกต์ความรู้ รักอิสระ ชอบผจญภัย เข้าสังคมเก่ง ชอบเดินทาง คิดลึก รู้สึกไว ชอบเสี่ยง ตั้งใจจริง และไม่ชอบอยู่เฉยหรือตามคนอื่น อารมณ์ทางเพศสูง,,,,,,,,,,,,,,,,,,,,,,,,,,,,,,,,,,,
7.0,午,,กระฉับกระเฉง รักอิสระ ไม่ชอบการถูกบังคับ ตอบสนองไวต่อสิ่งเร้า ชอบมีสังคมเพื่อความมั่นใจ แต่ก็ต้องการพื้นที่ส่วนตัวในการปลดปล่อยพลังงาน เมื่อเริ่มต้นสิ่งใดแล้วมักหยุดยากหากยังมีแรงผลักดัน,,,,,,,,,,,,,,,,,,,,,,,,,,,,,,,,,,,
ไม้,ทอ,,เป็นคนเข้าสังคมเก่ง เป็นที่รักของผู้คน และมีความสามารถหลายด้าน แต่ควรระวังการวางตัวไม่ให้ดูเสแสร้ง หรือสร้างภาพจนคนไม่ไว้ใจ อย่าหยุดพัฒนาตัวเองกับความสำเร็จที่เคยมี หากเดินต่ออย่างมั่นคง จะมีทั้งความมั่นคงและรายได้ที่ดี,,,,,,,,,,,,,,,,,,,,,,,,,,,,,,,,,,,
,,,,,,,,,,,,,,,,,,,,,,,,,,,,,,,,,,,,,,
น1,壬,,ปรับตัวเก่ง อยู่กับใครก็ได้ มีพลังและฉลาดลึก ชอบแบ่งปันและประยุกต์ความรู้ รักอิสระ ชอบผจญภัย เข้าสังคมเก่ง ชอบเดินทาง คิดลึก รู้สึกไว ชอบเสี่ยง ตั้งใจจริง และไม่ชอบอยู่เฉยหรือตามคนอื่น อารมณ์ทางเพศสูง,,,,,,,,,,,,,,,,,,,,,,,,,,,,,,,,,,,
9.0,申,,คล่องแคล่ว ว่องไว มีความอยากรู้อยากเห็นสูง รักการเรียนรู้และทดลองสิ่งใหม่ มักใช้วิธีคิดสร้างสรรค์ แฝงอารมณ์ขัน และสามารถใช้สิ่งรอบตัวให้เกิดประโยชน์ได้อย่างชาญฉลาด ไม่ชอบให้ใครมาล่วงล้ำพื้นที่ส่วนตัว,,,,,,,,,,,,,,,,,,,,,,,,,,,,,,,,,,,
ทอง,เซี่ยงแซ,,มีความฉลาด มีความสามารถ และต่อสู้กับอุปสรรคได้ดี แต่บางครั้งอาจดูหยิ่งและไม่ยอมใคร ถึงแม้ความเก่ง ความมุ่งมั่นอดทนของคุณ จะช่วยให้ฝ่าฟันอุปสรรคได้ แต่ความมั่นใจที่มากเกินไปอาจนำไปสู่ความล้มเหลวได้เช่นกัน ควรใช้ความสามารถอย่างมีสติ และระวังไม่ใช้อำนาจในทางที่ผิด,,,,,,,,,,,,,,,,,,,,,,,,,,,,,,,,,,,
,,,,,,,,,,,,,,,,,,,,,,,,,,,,,,,,,,,,,,
น1,壬,,ปรับตัวเก่ง อยู่กับใครก็ได้ มีพลังและฉลาดลึก ชอบแบ่งปันและประยุกต์ความรู้ รักอิสระ ชอบผจญภัย เข้าสังคมเก่ง ชอบเดินทาง คิดลึก รู้สึกไว ชอบเสี่ยง ตั้งใจจริง และไม่ชอบอยู่เฉยหรือตามคนอื่น อารมณ์ทางเพศสูง,,,,,,,,,,,,,,,,,,,,,,,,,,,,,,,,,,,
11.0,戌,,จงรักภักดี ซื่อสัตย์ ชัดเจนในความสัมพันธ์ พร้อมปกป้องคนที่รัก สื่อสารตรงไปตรงมา และใช้สัญชาตญาณในการแยกแยะความรู้สึกของผู้คน รักษาระเบียบในกลุ่ม และยึดถือความสัมพันธ์แบบมีลำดับขั้น,,,,,,,,,,,,,,,,,,,,,,,,,,,,,,,,,,,
น้ำ,กวงตั่ว,,เป็นคนใจดี มีเมตตา และชอบช่วยเหลือผู้อื่น แต่ควรช่วยเหลือเท่าที่จำเป็น เพราะหากช่วยมากเกินไป คนที่ได้รับอาจไม่รู้จักพึ่งพาตัวเอง คุณมีวิสัยทัศน์ทางธุรกิจที่ดี แต่ควรระวังการลงทุนระยะยาวที่หวังผลเพื่อให้ลูกหลาน เพราะอาจไม่ได้ผลตามที่คาดหวัง,,,,,,,,,,,,,,,,,,,,,,,,,,,,,,,,,,,
,,,,,,,,,,,,,,,,,,,,,,,,,,,,,,,,,,,,,,
น2,癸,,เป็นคนสงบ เยือกเย็น ชอบช่วยเหลือ มีความคิดสร้างสรรค์ ชอบสิ่งลึกลับและไม่เหมือนใคร ฉลาด เรียนรู้เร็ว มีลางสังหรณ์ รักอิสระ เข้าใจสิ่งต่าง ๆ ได้ลึกซึ้ง แต่ไม่ชอบแสดงออก อ่านใจยาก โรแมนติก และไม่ชอบหยุดนิ่ง,,,,,,,,,,,,,,,,,,,,,,,,,,,,,,,,,,,
2.0,丑,,สุขุม อดทน เดินหน้าอย่างมั่นคง ไม่เร่งรีบ รักความสงบและไม่ชอบความขัดแย้ง ชอบอยู่ร่วมกับคนที่ไว้ใจได้ มีระเบียบในชีวิตประจำวัน และมักใช้ชีวิตแบบเดิมซ้ำ ๆ แต่หากถูกรบกวนมากเกินไป อาจแสดงอารมณ์รุนแรงได้,,,,,,,,,,,,,,,,,,,,,,,,,,,,,,,,,,,
ไม้,กวงตั่ว,,เป็นที่ยอมรับจากผู้คนหลากหลาย มีความรู้จากประสบการณ์เดิม แต่การยึดมั่นในความคิดแบบเดิมอาจเป็นอุปสรรคได้ ควรเปิดใจรับฟังคนอื่น และใช้ความรู้เดิมอย่างสร้างสรรค์ วางตัวให้ดี จะทำให้คุณเติบโตและได้รับการยอมรับมากยิ่งขึ้น,,,,,,,,,,,,,,,,,,,,,,,,,,,,,,,,,,,
,,,,,,,,,,,,,,,,,,,,,,,,,,,,,,,,,,,,,,
น2,癸,,เป็นคนสงบ เยือกเย็น ชอบช่วยเหลือ มีความคิดสร้างสรรค์ ชอบสิ่งลึกลับและไม่เหมือนใคร ฉลาด เรียนรู้เร็ว มีลางสังหรณ์ รักอิสระ เข้าใจสิ่งต่าง ๆ ได้ลึกซึ้ง แต่ไม่ชอบแสดงออก อ่านใจยาก โรแมนติก และไม่ชอบหยุดนิ่ง,,,,,,,,,,,,,,,,,,,,,,,,,,,,,,,,,,,
4.0,卯,,ระมัดระวังสูง ไวต่อสิ่งรอบตัว มักตอบสนองเร็วต่อเสียงหรือสถานการณ์ผิดปกติ ทำอะไรเงียบและรวดเร็ว ไม่ชอบอยู่ในที่โล่งแจ้งหรือเสี่ยงภัย และมักถอยหนีทันทีเมื่อรู้สึกไม่ปลอดภัย,,,,,,,,,,,,,,,,,,,,,,,,,,,,,,,,,,,
ทอง,เซี่ยงแซ,,มีความงามและจิตใจดี เป็นคนที่ใส่ใจคนรอบข้าง หากพัฒนาความสามารถอย่างต่อเนื่อง จะได้รับการยอมรับจากผู้ใหญ่ และสมปราถนาในสิ่งที่ต้องการ ควรหลีกเลี่ยงสิ่งที่เป็นอันตรายต่อร่างกาย และการห่วงความงามภายนอกมากเกินไปจนละเลยการพัฒนาความสามารถภายใน,,,,,,,,,,,,,,,,,,,,,,,,,,,,,,,,,,,
,,,,,,,,,,,,,,,,,,,,,,,,,,,,,,,,,,,,,,
น2,癸,,เป็นคนสงบ เยือกเย็น ชอบช่วยเหลือ มีความคิดสร้างสรรค์ ชอบสิ่งลึกลับและไม่เหมือนใคร ฉลาด เรียนรู้เร็ว มีลางสังหรณ์ รักอิสระ เข้าใจสิ่งต่าง ๆ ได้ลึกซึ้ง แต่ไม่ชอบแสดงออก อ่านใจยาก โรแมนติก และไม่ชอบหยุดนิ่ง,,,,,,,,,,,,,,,,,,,,,,,,,,,,,,,,,,,
6.0,巳,,เงียบ ขรึม และสุขุม มักใช้เวลาสังเกตก่อนลงมือ เคลื่อนไหวช้าแต่แม่นยำและรวดเร็วเมื่อจำเป็น ไวต่อสภาพแวดล้อมและอารมณ์รอบตัว ชอบอยู่ในที่สงบ ไม่วุ่นวาย และสามารถฟื้นตัวจากปัญหาได้ดีเมื่อมีเวลา,,,,,,,,,,,,,,,,,,,,,,,,,,,,,,,,,,,
น้ำ,ทอ,,มีความสามารถเฉพาะทาง หากเริ่มต้นจากสิ่งที่ถนัดและพัฒนาไปทีละขั้น ความสำเร็จจะค่อย ๆ ปรากฏ แม้เส้นทางจะยากลำบาก แต่ถ้าคุณตั้งใจ อดทนและไม่รีบร้อน ก็จะวางรากฐานที่มั่นคงให้กับชีวิตได้,,,,,,,,,,,,,,,,,,,,,,,,,,,,,,,,,,,
,,,,,,,,,,,,,,,,,,,,,,,,,,,,,,,,,,,,,,
น2,癸,,เป็นคนสงบ เยือกเย็น ชอบช่วยเหลือ มีความคิดสร้างสรรค์ ชอบสิ่งลึกลับและไม่เหมือนใคร ฉลาด เรียนรู้เร็ว มีลางสังหรณ์ รักอิสระ เข้าใจสิ่งต่าง ๆ ได้ลึกซึ้ง แต่ไม่ชอบแสดงออก อ่านใจยาก โรแมนติก และไม่ชอบหยุดนิ่ง,,,,,,,,,,,,,,,,,,,,,,,,,,,,,,,,,,,
8.0,未,,อ่อนโยน ชอบอยู่ร่วมกับผู้อื่นเพื่อความสบายใจ บางครั้งก็ชอบความเป็นส่วนตัว มักไม่แสดงอารมณ์ชัดเจน ชอบสิ่งแวดล้อมที่ปลอดภัยและสงบ เข้าใจความรู้สึกของคนรอบข้าง และใช้การสังเกตอย่างเงียบ ๆ แทนการเผชิญหน้า,,,,,,,,,,,,,,,,,,,,,,,,,,,,,,,,,,,
ไม้,หมอ,,อาจอยู่ในสภาพแวดล้อมที่ไม่เหมาะกับการพัฒนาตัวเอง ควรค้นหาตัวเองให้เจอ และอย่ายึดติดกับรูปแบบเดิม ๆ ที่ไม่ส่งเสริมความฝัน ความสำเร็จจะเกิดได้เมื่อคุณกล้าออกจากจุดเดิม กล้าลงมือทำ อดทนและพัฒนาตัวเองอย่างต่อเนื่อง เพื่อเป้าหมายที่ต้องการ,,,,,,,,,,,,,,,,,,,,,,,,,,,,,,,,,,,
,,,,,,,,,,,,,,,,,,,,,,,,,,,,,,,,,,,,,,
น2,癸,,เป็นคนสงบ เยือกเย็น ชอบช่วยเหลือ มีความคิดสร้างสรรค์ ชอบสิ่งลึกลับและไม่เหมือนใคร ฉลาด เรียนรู้เร็ว มีลางสังหรณ์ รักอิสระ เข้าใจสิ่งต่าง ๆ ได้ลึกซึ้ง แต่ไม่ชอบแสดงออก อ่านใจยาก โรแมนติก และไม่ชอบหยุดนิ่ง,,,,,,,,,,,,,,,,,,,,,,,,,,,,,,,,,,,
10.0,酉,,ตรงต่อเวลา รู้บทบาทหน้าที่ของตนเองชัดเจน ยึดหลักลำดับขั้นในสังคม ใส่ใจพื้นที่ส่วนตัวและคนใกล้ชิด ชอบจัดระเบียบชีวิตประจำวัน และไวต่อสิ่งรบกวนหรือความไม่เรียบร้อยรอบตัว มักกระตุ้นให้คนอื่นทำงานอย่างที่ตัวเองหวัง,,,,,,,,,,,,,,,,,,,,,,,,,,,,,,,,,,,
ทอง,แป่,,เหมาะกับงานที่เกี่ยวข้องกับการเดินทาง หรือแสวงหาโอกาสจากสถานที่ใหม่ ๆ แต่ต้องระวังคำพูดที่อาจสร้างความเข้าใจผิด ความมั่นใจที่มากเกินไปอาจทำให้เกิดปัญหาและเสียความน่าเชื่อถือได้ ควรใช้ความรู้ความสามารถอย่างมีวุฒิภาวะ,,,,,,,,,,,,,,,,,,,,,,,,,,,,,,,,,,,
,,,,,,,,,,,,,,,,,,,,,,,,,,,,,,,,,,,,,,
น2,癸,,เป็นคนสงบ เยือกเย็น ชอบช่วยเหลือ มีความคิดสร้างสรรค์ ชอบสิ่งลึกลับและไม่เหมือนใคร ฉลาด เรียนรู้เร็ว มีลางสังหรณ์ รักอิสระ เข้าใจสิ่งต่าง ๆ ได้ลึกซึ้ง แต่ไม่ชอบแสดงออก อ่านใจยาก โรแมนติก และไม่ชอบหยุดนิ่ง,,,,,,,,,,,,,,,,,,,,,,,,,,,,,,,,,,,
12.0,亥,,ใจเย็น เฉื่อยชา นอนมาก ชอบขุดคุ้ยเรื่องเก่า ๆ รักความเรียบง่าย ชอบใช้ชีวิตสบาย ๆ ในสิ่งแวดล้อมที่ปลอดภัย มีความละเอียดในสิ่งเล็ก ๆ แม้ดูเงียบเฉย แต่มีสัมผัสไวต่อความรู้สึก และหลีกเลี่ยงสถานการณ์ที่เสียงดังหรือวุ่นวาย,,,,,,,,,,,,,,,,,,,,,,,,,,,,,,,,,,,
น้ำ,ตี้อ๋วง,,เป็นคนมีความรู้มาก แต่บางครั้งความรู้ที่มากเกินไปอาจทำให้จัดการชีวิตไม่เป็นระเบียบ อีกทั้งความเจ้าชู้หรือนิสัยขี้เล่นมากเกินไปอาจสร้างปัญหาในชีวิตได้ ควรลดทะนงตนและความยึดมั่นในตัวเอง และใช้ความรู้ไปในทางที่เหมาะสม,,,,,,,,,,,,,,,,,,,,,,,,,,,,,,,,,,,
,,,,,,,,,,,,,,,,,,,,,,,,,,,,,,,,,,,,,,
