NO,หลักวันบน,หลักวันล่าง,อักษรบน,อักษรล่าง,พื้นฐานบุคลิก เดิม,พฤติกรรมหลักวันบน,พื้นฐานบุคลิก ใหม่,นิสัยหลักวันบน,พื้นฐานบุคลิก ปรับใหม่,นิสัย,
1.0,ม1,1.0,甲,子,เป็นคนมีเมตตา ชอบช่วยเหลือและทำความดี ใจดี ขี้สงสาร ตั้งใจพัฒนาตัวเอง ชอบทำในสิ่งที่ถูกต้อง มีความกล้าหาญ มีสมาธิแน่วแน่ อดทน มีศักดิ์ศรี แต่บางครั้งก็หัวดื้อ โกรธง่าย และสงสัยบ่อย,เป็นคนใจดี มีเมตตา รักการทำบุญ ชอบช่วยเหลือผู้อื่น มุ่งมั่น ขยัน และใฝ่รู้ มีศักดิ์ศรี รักการพัฒนาและเรียนรู้ไม่สิ้นสุด มีความอดทน ยอมคน รักความสงบ ไม่ชอบมีเรื่องกับใคร เปิดเผย ชัดเจน คิดกว้าง มองไกล มีความพยายาม และรักครอบครัว,เป็นคนมีเมตตา ขี้สงสาร ชอบช่วยเหลือ มุ่งมั่น ขยัน และใฝ่รู้ ชอบพัฒนาตัวเอง มีศักดิ์ศรี ทำในสิ่งที่ถูกต้อง กล้าหาญ ชัดเจน แน่วแน่ อดทน ไม่ชอบมีเรื่องกับใคร รักสงบ ยอมคน มองการไกลและรักครอบครัว แต่บางครั้งก็หัวดื้อ โกรธง่าย และขี้สงสัย,คุณเป็นคนมีความสามารถ มีเสน่ห์น่าค้นหา แต่กลับไม่ค่อยมีใครมองเห็นคุณค่า และหาคนจริงใจได้ยาก หากคุณขยันและตั้งใจในการเรียนรู้หรือทำงาน จะทำให้มีชื่อเสียงและเป็นที่ยอมรับ แม้บางช่วงจะรู้สึกท้อแท้ เบื่อหน่าย หรือไม่มีกำลังใจ แต่หากคุณผลักดันตัวเองอย่างจริงจัง ความสำเร็จจะเกิดขึ้นแน่นอน,มีเมตตา ขยัน ชอบพัฒนาตัวเอง กล้าหาญ ชัดเจน ยึกความถูกต้อง รักสงบ รักครอบครัว หัวดื้อบ้าง มีเสน่ห์น่าค้นหา แต่ไม่ค่อยมีคนมองเห็น และหาคนจริงใจได้ยาก แม้จะรู้สึกท้อแท้บ้าง หากตั้งใจจริง ความสำเร็จจะเกิดขึ้นแน่นอน,เคลื่อนไหวไว ไหวพริบดี มักระวังตัวและไม่ประมาท ชอบสังเกตและจับจังหวะก่อนลงมือ ชินกับการทำงานหรือใช้ชีวิตในช่วงกลางคืน รู้จักเลือกอยู่ในที่ที่ปลอดภัย และมีนิสัยชอบสะสมหรือเตรียมสำรองไว้ล่วงหน้าเสมอ มีความสามารถ มีเสน่ห์น่าค้นหา แต่กลับไม่ค่อยมีใครมองเห็นคุณค่า และหาคนจริงใจได้ยาก หากคุณขยันและตั้งใจในการเรียนรู้หรือทำงาน จะทำให้มีชื่อเสียงและเป็นที่ยอมรับ แม้บางช่วงจะรู้สึกท้อแท้ เบื่อหน่าย หรือไม่มีกำลังใจ แต่หากคุณผลักดันตัวเองอย่างจริงจัง ความสำเร็จจะเกิดขึ้นแน่นอน,
2.0,ม1,3.0,甲,寅,เป็นคนมีเมตตา ชอบช่วยเหลือและทำความดี ใจดี ขี้สงสาร ตั้งใจพัฒนาตัวเอง ชอบทำในสิ่งที่ถูกต้อง มีความกล้าหาญ มีสมาธิแน่วแน่ อดทน มีศักดิ์ศรี แต่บางครั้งก็หัวดื้อ โกรธง่าย และสงสัยบ่อย,เป็นคนใจดี มีเมตตา รักการทำบุญ ชอบช่วยเหลือผู้อื่น มุ่งมั่น ขยัน และใฝ่รู้ มีศักดิ์ศรี รักการพัฒนาและเรียนรู้ไม่สิ้นสุด มีความอดทน ยอมคน รักความสงบ ไม่ชอบมีเรื่องกับใคร เปิดเผย ชัดเจน คิดกว้าง มองไกล มีความพยายาม และรักครอบครัว,เป็นคนมีเมตตา ขี้สงสาร ชอบช่วยเหลือ มุ่งมั่น ขยัน และใฝ่รู้ ชอบพัฒนาตัวเอง มีศักดิ์ศรี ทำในสิ่งที่ถูกต้อง กล้าหาญ ชัดเจน แน่วแน่ อดทน ไม่ชอบมีเรื่องกับใคร รักสงบ ยอมคน มองการไกลและรักครอบครัว แต่บางครั้งก็หัวดื้อ โกรธง่าย และขี้สงสัย,คุณเป็นคนที่มีประโยชน์ต่อคนรอบข้าง สามารถช่วยเหลือผู้อื่นให้พ้นจากปัญหาได้ แต่ควรช่วยเท่าที่จำเป็น และเหมาะสมกับสถานการณ์ หากเข้าไปยุ่งมากเกินไปอาจโดนมองในแง่ไม่ดี คุณขยัน รักความยุติธรรม แต่ควรระวังความใจดีที่อาจย้อนกลับมาทำร้ายตัวเอง ลองนำสิ่งที่ชอบมาทำเป็นธุรกิจ จะเป็นโอกาสที่ดี แต่ต้องตั้งสติให้รอบคอบ เพราะคุณอาจเชื่อคนง่าย,มีเมตตา ขยัน ชอบพัฒนาตัวเอง กล้าหาญ ชัดเจน ยึกความถูกต้อง รักสงบ รักครอบครัว หัวดื้อบ้าง หากทำธุรกิจจากสิ่งที่ชอบ จะสร้างโอกาสสำเร็จได้ แต่มักเชื่อคนง่าย ใจดีจนเสียเปรียบ ต้องตั้งสติให้ดี ช่วยเท่าทีจำเป็น,รักอิสระ มักทำงานคนเดียว ไม่ชอบพึ่งพาผู้อื่น เงียบขรึมแต่ลงมืออย่างแม่นยำ รักพื้นที่ส่วนตัวและไม่ยอมให้ใครล้ำเส้น ใช้พลังเฉพาะเมื่อจำเป็น ไม่แสดงออกเกินเหตุ และมักไม่ไว้ใจสิ่งแปลกหน้าหรือคนที่ไม่คุ้นเคย มีประโยชน์ต่อคนรอบข้าง สามารถช่วยเหลือผู้อื่นให้พ้นจากปัญหาได้ แต่ควรช่วยเท่าที่จำเป็น และเหมาะสมกับสถานการณ์ หากเข้าไปยุ่งมากเกินไปอาจโดนมองในแง่ไม่ดี คุณขยัน รักความยุติธรรม แต่ควรระวังความใจดีที่อาจย้อนกลับมาทำร้ายตัวเอง ลองนำสิ่งที่ชอบมาทำเป็นธุรกิจ จะเป็นโอกาสที่ดี แต่ต้องตั้งสติให้รอบคอบ เพราะคุณอาจเชื่อคนง่าย,
3.0,ม1,5.0,甲,辰,เป็นคนมีเมตตา ชอบช่วยเหลือและทำความดี ใจดี ขี้สงสาร ตั้งใจพัฒนาตัวเอง ชอบทำในสิ่งที่ถูกต้อง มีความกล้าหาญ มีสมาธิแน่วแน่ อดทน มีศักดิ์ศรี แต่บางครั้งก็หัวดื้อ โกรธง่าย และสงสัยบ่อย,เป็นคนใจดี มีเมตตา รักการทำบุญ ชอบช่วยเหลือผู้อื่น มุ่งมั่น ขยัน และใฝ่รู้ มีศักดิ์ศรี รักการพัฒนาและเรียนรู้ไม่สิ้นสุด มีความอดทน ยอมคน รักความสงบ ไม่ชอบมีเรื่องกับใคร เปิดเผย ชัดเจน คิดกว้าง มองไกล มีความพยายาม และรักครอบครัว,เป็นคนมีเมตตา ขี้สงสาร ชอบช่วยเหลือ มุ่งมั่น ขยัน และใฝ่รู้ ชอบพัฒนาตัวเอง มีศักดิ์ศรี ทำในสิ่งที่ถูกต้อง กล้าหาญ ชัดเจน แน่วแน่ อดทน ไม่ชอบมีเรื่องกับใคร รักสงบ ยอมคน มองการไกลและรักครอบครัว แต่บางครั้งก็หัวดื้อ โกรธง่าย และขี้สงสัย,คุณเป็นคนมีศักดิ์ศรี น่าเชื่อถือ และเป็นที่พึ่งให้คนรอบข้างได้เสมอ คุณมีพลังบวกและสร้างรอยยิ้มให้ผู้คน แต่อย่าหลงอยู่กับความคิดหรือความรู้ของตัวเองมากเกินไป เพราะอาจทำให้เกิดความขัดแย้ง การยึดติดกับอดีตที่เคยรุ่งเรืองอาจเป็นอุปสรรค ควรเปิดใจและปรับตัวให้เข้ากับยุคสมัย,มีเมตตา ขยัน ชอบพัฒนาตัวเอง กล้าหาญ ชัดเจน ยึกความถูกต้อง รักสงบ รักครอบครัว เป็นที่พึ่งให้คนรอบข้างได้ แต่อาจเชื่อมั่นตัวเองมากไปจนขัดแย้ง ควรเปิดใจ ปล่อยวาง และปรับตัวให้ทัน,เปี่ยมด้วยพลังที่หลากหลาย มีความสามารถรอบด้าน มักแสดงออกอย่างโดดเด่นและน่าเกรงขาม บุคลิกสง่างามและลึกลับ มีพลังในการเปลี่ยนแปลงสิ่งรอบตัวได้เหมือนควบคุมธรรมชาติ และอารมณ์เปลี่ยนแปลงรวดเร็ว ยากจะคาดเดา มีศักดิ์ศรี น่าเชื่อถือ และเป็นที่พึ่งให้คนรอบข้างได้เสมอ มีพลังบวกและสร้างรอยยิ้มให้ผู้คน แต่อย่าหลงอยู่กับความคิดหรือความรู้ของตัวเองมากเกินไป เพราะอาจทำให้เกิดความขัดแย้ง การยึดติดกับอดีตที่เคยรุ่งเรืองอาจเป็นอุปสรรค ควรเปิดใจและปรับตัวให้เข้ากับยุคสมัย,
4.0,ม1,7.0,甲,午,เป็นคนมีเมตตา ชอบช่วยเหลือและทำความดี ใจดี ขี้สงสาร ตั้งใจพัฒนาตัวเอง ชอบทำในสิ่งที่ถูกต้อง มีความกล้าหาญ มีสมาธิแน่วแน่ อดทน มีศักดิ์ศรี แต่บางครั้งก็หัวดื้อ โกรธง่าย และสงสัยบ่อย,เป็นคนใจดี มีเมตตา รักการทำบุญ ชอบช่วยเหลือผู้อื่น มุ่งมั่น ขยัน และใฝ่รู้ มีศักดิ์ศรี รักการพัฒนาและเรียนรู้ไม่สิ้นสุด มีความอดทน ยอมคน รักความสงบ ไม่ชอบมีเรื่องกับใคร เปิดเผย ชัดเจน คิดกว้าง มองไกล มีความพยายาม และรักครอบครัว,เป็นคนมีเมตตา ขี้สงสาร ชอบช่วยเหลือ มุ่งมั่น ขยัน และใฝ่รู้ ชอบพัฒนาตัวเอง มีศักดิ์ศรี ทำในสิ่งที่ถูกต้อง กล้าหาญ ชัดเจน แน่วแน่ อดทน ไม่ชอบมีเรื่องกับใคร รักสงบ ยอมคน มองการไกลและรักครอบครัว แต่บางครั้งก็หัวดื้อ โกรธง่าย และขี้สงสัย,คุณมีคุณค่าในตัวเอง แต่ค่อนข้างเก็บตัว ไม่สุงสิงกับใคร จนคนอื่นอาจเข้าใจผิดว่าไม่มีความสามารถ คุณควรพัฒนาตัวเองให้เหมาะสมกับบทบาทในสังคม การหมกมุ่นกับสิ่งที่ชอบมากเกินไปอาจส่งผลเสียต่อสุขภาพจิต ควรก้าวออกจากพื้นที่ปลอดภัย ตั้งเป้าหมายที่ชัดเจน และพัฒนาอย่างต่อเนื่อง ผลลัพธ์ที่ดีจะตามมา,มีเมตตา ขยัน ชอบพัฒนาตัวเอง กล้าหาญ ชัดเจน ยึกความถูกต้อง รักสงบ รักครอบครัว มีความสามารถแต่เก็บตัว จนอาจถูกมองข้ามได้ ควรตั้งเป้าหมายให้ชัด ออกจากเซฟโซน และพัฒนาอย่างต่อเนื่อง แล้วผลลัพธ์ที่ดีจะตามมา,กระฉับกระเฉง รักอิสระ ไม่ชอบการถูกบังคับ ตอบสนองไวต่อสิ่งเร้า ชอบมีสังคมเพื่อความมั่นใจ แต่ก็ต้องการพื้นที่ส่วนตัวในการปลดปล่อยพลังงาน เมื่อเริ่มต้นสิ่งใดแล้วมักหยุดยากหากยังมีแรงผลักดัน มีคุณค่าในตัวเอง แต่ค่อนข้างเก็บตัว ไม่สุงสิงกับใคร จนคนอื่นอาจเข้าใจผิดว่าไม่มีความสามารถ ควรพัฒนาตัวเองให้เหมาะสมกับบทบาทในสังคม การหมกมุ่นกับสิ่งที่ชอบมากเกินไปอาจส่งผลเสียต่อสุขภาพจิต ควรก้าวออกจากพื้นที่ปลอดภัย ตั้งเป้าหมายที่ชัดเจน และพัฒนาอย่างต่อเนื่อง ผลลัพธ์ที่ดีจะตามมา,
5.0,ม1,9.0,甲,申,เป็นคนมีเมตตา ชอบช่วยเหลือและทำความดี ใจดี ขี้สงสาร ตั้งใจพัฒนาตัวเอง ชอบทำในสิ่งที่ถูกต้อง มีความกล้าหาญ มีสมาธิแน่วแน่ อดทน มีศักดิ์ศรี แต่บางครั้งก็หัวดื้อ โกรธง่าย และสงสัยบ่อย,เป็นคนใจดี มีเมตตา รักการทำบุญ ชอบช่วยเหลือผู้อื่น มุ่งมั่น ขยัน และใฝ่รู้ มีศักดิ์ศรี รักการพัฒนาและเรียนรู้ไม่สิ้นสุด มีความอดทน ยอมคน รักความสงบ ไม่ชอบมีเรื่องกับใคร เปิดเผย ชัดเจน คิดกว้าง มองไกล มีความพยายาม และรักครอบครัว,เป็นคนมีเมตตา ขี้สงสาร ชอบช่วยเหลือ มุ่งมั่น ขยัน และใฝ่รู้ ชอบพัฒนาตัวเอง มีศักดิ์ศรี ทำในสิ่งที่ถูกต้อง กล้าหาญ ชัดเจน แน่วแน่ อดทน ไม่ชอบมีเรื่องกับใคร รักสงบ ยอมคน มองการไกลและรักครอบครัว แต่บางครั้งก็หัวดื้อ โกรธง่าย และขี้สงสัย,คุณเป็นคนมุ่งมั่น ตั้งใจจริงในสิ่งที่ทำ แต่เมื่อถึงช่วงเวลาสำคัญอาจละทิ้งสิ่งที่เริ่มไว้ ความเอื้อเฟื้อกับคนอื่นบางครั้งกลายเป็นการทำร้ายเขาโดยไม่ตั้งใจ ควรควบคุมอารมณ์ให้ดี และคิดให้รอบคอบก่อนลงมือทำอะไร ไม่เช่นนั้นจะเกิดความเสียหายได้ง่าย หากจัดระบบความคิดให้เป็นระเบียบ จะช่วยให้เดินหน้าได้มั่นคงขึ้น,มีเมตตา ใฝ่รู้ ยึดความถูกต้อง อดทน กล้าหาญ รักสงบ รักครอบครัว ใจดีแต่อาจไปทำร้านเขาโดยไม่ตั้งใจ เต็มที่ในสิ่งที่ทำ แต่มักล้มเลิกกลางทาง ควรคิดให้รอบคอบก่อนตัดสินใจ จัดระบบความคิดให้ชัด จะช่วยให้ชีวิตมั่นคงมากขึ้น,คล่องแคล่ว ว่องไว มีความอยากรู้อยากเห็นสูง รักการเรียนรู้และทดลองสิ่งใหม่ มักใช้วิธีคิดสร้างสรรค์ แฝงอารมณ์ขัน และสามารถใช้สิ่งรอบตัวให้เกิดประโยชน์ได้อย่างชาญฉลาด ไม่ชอบให้ใครมาล่วงล้ำพื้นที่ส่วนตัว เป็นคนมุ่งมั่น ตั้งใจจริงในสิ่งที่ทำ แต่เมื่อถึงช่วงเวลาสำคัญอาจละทิ้งสิ่งที่เริ่มไว้ ความเอื้อเฟื้อกับคนอื่นบางครั้งกลายเป็นการทำร้ายเขาโดยไม่ตั้งใจ ควรควบคุมอารมณ์ให้ดี และคิดให้รอบคอบก่อนลงมือทำอะไร ไม่เช่นนั้นจะเกิดความเสียหายได้ง่าย หากจัดระบบความคิดให้เป็นระเบียบ จะช่วยให้เดินหน้าได้มั่นคงขึ้น,
6.0,ม1,11.0,甲,戌,เป็นคนมีเมตตา ชอบช่วยเหลือและทำความดี ใจดี ขี้สงสาร ตั้งใจพัฒนาตัวเอง ชอบทำในสิ่งที่ถูกต้อง มีความกล้าหาญ มีสมาธิแน่วแน่ อดทน มีศักดิ์ศรี แต่บางครั้งก็หัวดื้อ โกรธง่าย และสงสัยบ่อย,เป็นคนใจดี มีเมตตา รักการทำบุญ ชอบช่วยเหลือผู้อื่น มุ่งมั่น ขยัน และใฝ่รู้ มีศักดิ์ศรี รักการพัฒนาและเรียนรู้ไม่สิ้นสุด มีความอดทน ยอมคน รักความสงบ ไม่ชอบมีเรื่องกับใคร เปิดเผย ชัดเจน คิดกว้าง มองไกล มีความพยายาม และรักครอบครัว,เป็นคนมีเมตตา ขี้สงสาร ชอบช่วยเหลือ มุ่งมั่น ขยัน และใฝ่รู้ ชอบพัฒนาตัวเอง มีศักดิ์ศรี ทำในสิ่งที่ถูกต้อง กล้าหาญ ชัดเจน แน่วแน่ อดทน ไม่ชอบมีเรื่องกับใคร รักสงบ ยอมคน มองการไกลและรักครอบครัว แต่บางครั้งก็หัวดื้อ โกรธง่าย และขี้สงสัย,คุณดูเป็นคนร่าเริง แต่ภายในมีความร้อนรุ่มในใจ หากปล่อยวางบ้างจะรู้สึกมีความสุขมากขึ้น ความสามารถที่คุณมีหากใช้ให้ถูกทาง จะนำพาเงินทองและความสำเร็จมาให้ แต่ควรระวังการตัดสินใจด้วยอารมณ์ อย่าทำอะไรเพราะความใจร้อน ค่อย ๆ วิเคราะห์อย่างมีเหตุผล จะส่งผลดีในระยะยาว,มีเมตตา ร่าเริง ขยัน ใฝ่รู้ รักสงบ รักครอบครัว ยึดความถูกต้อง มองการณ์ไกลแต่ใจร้อน ควรคุมอารมณ์และวิเคราะห์อย่างมีเหตุผล อย่าใจร้อน ความสามารถที่มี หากใช้ให้ถูกทางจะนำพาความสำเร็จได้,จงรักภักดี ซื่อสัตย์ ชัดเจนในความสัมพันธ์ พร้อมปกป้องคนที่รัก สื่อสารตรงไปตรงมา และใช้สัญชาตญาณในการแยกแยะความรู้สึกของผู้คน รักษาระเบียบในกลุ่ม และยึดถือความสัมพันธ์แบบมีลำดับขั้น เป็นคนร่าเริง แต่ภายในมีความร้อนรุ่มในใจ หากปล่อยวางบ้างจะรู้สึกมีความสุขมากขึ้น ความสามารถที่มีหากใช้ให้ถูกทาง จะนำพาเงินทองและความสำเร็จมาให้ แต่ควรระวังการตัดสินใจด้วยอารมณ์ อย่าทำอะไรเพราะความใจร้อน ค่อย ๆ วิเคราะห์อย่างมีเหตุผล จะส่งผลดีในระยะยาว,
7.0,ม2,2.0,乙,丑,เป็นคนมีเมตตา ชอบช่วยเหลือและทำความดี ใจดี ขี้สงสาร ตั้งใจพัฒนาตัวเอง ชอบทำในสิ่งที่ถูกต้อง มีความกล้าหาญ มีสมาธิแน่วแน่ อดทน มีศักดิ์ศรี แต่บางครั้งก็หัวดื้อ โกรธง่าย และสงสัยบ่อย,เป็นคนอ่อนโยน ใจดี ชอบศิลปะและความสวยงาม มีเสน่ห์ น่ารัก เข้าใจธรรมชาติ และปรับตัวเก่ง พูดจาไพเราะ มีไอเดียดี คิดไว แก้ปัญหาเก่ง เก่งเรื่องศิลปะและการแสดงออก แต่งตัวเก่ง ดูดีมีสไตล์,"เป็นคนใจดี ขี้สงสาร ชอบช่วยเหลือ รักศิลปะและความงาม มีเสน่ห์ ตั้งใจพัฒนาตัวเอง ชอบทำในสิ่งที่ถูก
เข้าใจธรรมชาติ ปรับตัวเก่ง แก้ปัญหาเก่ง กล้าหาญ มีสมาธิดี อดทน แต่บางครั้งก็ดื้อ โกรธง่าย และขี้สงสัย",คุณเป็นคนเก่ง แต่ไม่ค่อยทันกับโลกยุคใหม่ ยังจมอยู่กับความสำเร็จในอดีต จนทำให้ไม่กล้าเปิดใจหรือออกไปสู่โลกภายนอก ชีวิตอาจรู้สึกเงียบเหงาโดดเดี่ยว ควรก้าวข้ามกำแพงในใจ แล้วคุณจะพบโอกาสและสิ่งใหม่ ๆ ที่น่าตื่นเต้น โลกที่สดใสรออยู่ข้างหน้า,เก่ง ใจดี มีเสน่ห์ รักความสวยงาม ชอบพัฒนาตัวเอง เข้าใจธรรมชาติ ปรับตัวเก่ง แต่ยังยึดติดอดีตจนไม่กล้าเปิดใจให้โลกภายนอก ควรก้าวข้ามความกลัว แล้วจะพบโอกาสและสิ่งใหม่ๆ,สุขุม อดทน เดินหน้าอย่างมั่นคง ไม่เร่งรีบ รักความสงบและไม่ชอบความขัดแย้ง ชอบอยู่ร่วมกับคนที่ไว้ใจได้ มีระเบียบในชีวิตประจำวัน และมักใช้ชีวิตแบบเดิมซ้ำ ๆ แต่หากถูกรบกวนมากเกินไป อาจแสดงอารมณ์รุนแรงได้ เป็นคนเก่ง แต่ไม่ค่อยทันกับโลกยุคใหม่ ยังจมอยู่กับความสำเร็จในอดีต จนทำให้ไม่กล้าเปิดใจหรือออกไปสู่โลกภายนอก ชีวิตอาจรู้สึกเงียบเหงาโดดเดี่ยว ควรก้าวข้ามกำแพงในใจ แล้วคุณจะพบโอกาสและสิ่งใหม่ ๆ ที่น่าตื่นเต้น โลกที่สดใสรออยู่ข้างหน้า เป็นคนเก่ง แต่ไม่ค่อยทันกับโลกยุคใหม่ ยังจมอยู่กับความสำเร็จในอดีต จนทำให้ไม่กล้าเปิดใจหรือออกไปสู่โลกภายนอก ชีวิตอาจรู้สึกเงียบเหงาโดดเดี่ยว ควรก้าวข้ามกำแพงในใจ แล้วคุณจะพบโอกาสและสิ่งใหม่ ๆ ที่น่าตื่นเต้น โลกที่สดใสรออยู่ข้างหน้า,
8.0,ม2,4.0,乙,卯,เป็นคนมีเมตตา ชอบช่วยเหลือและทำความดี ใจดี ขี้สงสาร ตั้งใจพัฒนาตัวเอง ชอบทำในสิ่งที่ถูกต้อง มีความกล้าหาญ มีสมาธิแน่วแน่ อดทน มีศักดิ์ศรี แต่บางครั้งก็หัวดื้อ โกรธง่าย และสงสัยบ่อย,,"เป็นคนใจดี ขี้สงสาร ชอบช่วยเหลือ รักศิลปะและความงาม มีเสน่ห์ ตั้งใจพัฒนาตัวเอง ชอบทำในสิ่งที่ถูก
เข้าใจธรรมชาติ ปรับตัวเก่ง แก้ปัญหาเก่ง กล้าหาญ มีสมาธิดี อดทน แต่บางครั้งก็ดื้อ โกรธง่าย และขี้สงสัย",คุณมีความสามารถในการช่วยเหลือคนที่ด้อยโอกาสในสังคม โดยเฉพาะในชุมชนท้องถิ่น ควรเริ่มจากสิ่งเล็ก ๆ ที่คุณถนัด แล้วค่อย ๆ ขยายผลอย่างมีระบบ หลีกเลี่ยงการเปิดเผยแนวคิดที่ยังไม่มั่นคง เพราะอาจโดนลอกเลียน ความรู้จริงของคุณจะสร้างผลงานที่มีคุณภาพและนำมาซึ่งชื่อเสียงและความมั่นคง,ใจดี เข้าใจธรรมชาติ ปรับตัวเก่ง เหมาะกับการพัฒนาชุมชนหรือสังคม ควรเริ่มจากสิ่งเล็กๆที่ถนัด แล้วค่อยขยายอย่างมีระบบ ระวังการเปิดเผยแนวคิดที่ยังไม่มั่นคง เพราะความรู้ของคุณสามารถสร้างผลงานที่มีคุณภาพและชื่อเสียงได้,ระมัดระวังสูง ไวต่อสิ่งรอบตัว มักตอบสนองเร็วต่อเสียงหรือสถานการณ์ผิดปกติ ทำอะไรเงียบและรวดเร็ว ไม่ชอบอยู่ในที่โล่งแจ้งหรือเสี่ยงภัย และมักถอยหนีทันทีเมื่อรู้สึกไม่ปลอดภัย มีความสามารถในการช่วยเหลือคนที่ด้อยโอกาสในสังคม โดยเฉพาะในชุมชนท้องถิ่น ควรเริ่มจากสิ่งเล็ก ๆ ที่คุณถนัด แล้วค่อย ๆ ขยายผลอย่างมีระบบ หลีกเลี่ยงการเปิดเผยแนวคิดที่ยังไม่มั่นคง เพราะอาจโดนลอกเลียน ความรู้จริงของคุณจะสร้างผลงานที่มีคุณภาพและนำมาซึ่งชื่อเสียงและความมั่นคง,
9.0,ม2,6.0,乙,巳,เป็นคนมีเมตตา ชอบช่วยเหลือและทำความดี ใจดี ขี้สงสาร ตั้งใจพัฒนาตัวเอง ชอบทำในสิ่งที่ถูกต้อง มีความกล้าหาญ มีสมาธิแน่วแน่ อดทน มีศักดิ์ศรี แต่บางครั้งก็หัวดื้อ โกรธง่าย และสงสัยบ่อย,,"เป็นคนใจดี ขี้สงสาร ชอบช่วยเหลือ รักศิลปะและความงาม มีเสน่ห์ ตั้งใจพัฒนาตัวเอง ชอบทำในสิ่งที่ถูก
เข้าใจธรรมชาติ ปรับตัวเก่ง แก้ปัญหาเก่ง กล้าหาญ มีสมาธิดี อดทน แต่บางครั้งก็ดื้อ โกรธง่าย และขี้สงสัย",คุณเป็นคนมีความคิดสร้างสรรค์แบบศิลปิน อาจทำให้คนอื่นมองว่าแปลก เข้ากับคนอื่นยาก จิตใจไม่แน่นอน บางครั้งอารมณ์เปลี่ยนไว แต่ถ้าคุณพัฒนาทักษะให้ถูกทาง จะประสบความสำเร็จได้ ความกล้าคิดกล้าทำเป็นข้อดี แต่ถ้ามั่นใจเกินไปอาจทำให้พลาด ควรควบคุมอารมณ์ให้สมดุล แล้วชีวิตจะราบรื่นมากขึ้น,ใจดี มีเสน่ห์ ชอบพัฒนาตัวเอง เข้าใจธรรมชาติ ปรับตัวเก่ง มีอารมณ์ศิลปิน อาจเข้ากับคนอื่นยาก อารมณ์แปรปรวน ถ้าพัฒนาให้ตรงจุด จะประสบความสำเร็จ ควรใช้ความกล้าคิดกล้าทำอย่างสมดุล ระวังความมั่นใจที่เกินพอดี ชีวิตจะราบรื่นขึ้น,เงียบ ขรึม และสุขุม มักใช้เวลาสังเกตก่อนลงมือ เคลื่อนไหวช้าแต่แม่นยำและรวดเร็วเมื่อจำเป็น ไวต่อสภาพแวดล้อมและอารมณ์รอบตัว ชอบอยู่ในที่สงบ ไม่วุ่นวาย และสามารถฟื้นตัวจากปัญหาได้ดีเมื่อมีเวลา เป็นคนมีความคิดสร้างสรรค์แบบศิลปิน อาจทำให้คนอื่นมองว่าแปลก เข้ากับคนอื่นยาก จิตใจไม่แน่นอน บางครั้งอารมณ์เปลี่ยนไว แต่ถ้าคุณพัฒนาทักษะให้ถูกทาง จะประสบความสำเร็จได้ ความกล้าคิดกล้าทำเป็นข้อดี แต่ถ้ามั่นใจเกินไปอาจทำให้พลาด ควรควบคุมอารมณ์ให้สมดุล แล้วชีวิตจะราบรื่นมากขึ้น,
10.0,ม2,8.0,乙,未,เป็นคนมีเมตตา ชอบช่วยเหลือและทำความดี ใจดี ขี้สงสาร ตั้งใจพัฒนาตัวเอง ชอบทำในสิ่งที่ถูกต้อง มีความกล้าหาญ มีสมาธิแน่วแน่ อดทน มีศักดิ์ศรี แต่บางครั้งก็หัวดื้อ โกรธง่าย และสงสัยบ่อย,,"เป็นคนใจดี ขี้สงสาร ชอบช่วยเหลือ รักศิลปะและความงาม มีเสน่ห์ ตั้งใจพัฒนาตัวเอง ชอบทำในสิ่งที่ถูก
เข้าใจธรรมชาติ ปรับตัวเก่ง แก้ปัญหาเก่ง กล้าหาญ มีสมาธิดี อดทน แต่บางครั้งก็ดื้อ โกรธง่าย และขี้สงสัย",คุณเหมาะกับการเป็นคนในกลุ่มเล็กๆ ซึ่งมักฝันไกลเกินไปโดยไม่ประเมินความสามารถ อาจทำให้เกิดปัญหาที่แก้ไม่จบ ความดีในใจของคุณจะเป็นเกราะป้องกันภัย และวางรากฐานชีวิตให้มั่นคง ลองเริ่มต้นสร้างรายได้จากสิ่งที่คุณรัก ตั้งเป้าหมายระยะสั้น ทำให้สำเร็จทีละขั้น จะเห็นผลดี ควรหลีกเลี่ยงการลงทุนใหญ่ที่คุณไม่แน่ใจ,ใจดี มีเสน่ห์ ชอบพัฒนาตัวเอง เข้าใจธรรมชาติ ปรับตัวเก่ง ช่างฝัน แต่อาจตั้งเป้าไกลเกินไปจนละเลยระยะสั้น ควรเริ่มจากสิ่งเล็กๆ ค่อยเป็นค่อยไป เลี่ยงการลงทุนใหญ่โดยไม่มั่นใจ ความดีจะช่วยสร้างพื้นฐานชีวิตที่มั่นคง,อ่อนโยน ชอบอยู่ร่วมกับผู้อื่นเพื่อความสบายใจ บางครั้งก็ชอบความเป็นส่วนตัว มักไม่แสดงอารมณ์ชัดเจน ชอบสิ่งแวดล้อมที่ปลอดภัยและสงบ เข้าใจความรู้สึกของคนรอบข้าง และใช้การสังเกตอย่างเงียบ ๆ แทนการเผชิญหน้า เหมาะกับการเป็นคนในกลุ่มเล็กๆ ซึ่งมักฝันไกลเกินไปโดยไม่ประเมินความสามารถ อาจทำให้เกิดปัญหาที่แก้ไม่จบ ความดีในใจของคุณจะเป็นเกราะป้องกันภัย และวางรากฐานชีวิตให้มั่นคง ลองเริ่มต้นสร้างรายได้จากสิ่งที่คุณรัก ตั้งเป้าหมายระยะสั้น ทำให้สำเร็จทีละขั้น จะเห็นผลดี ควรหลีกเลี่ยงการลงทุนใหญ่ที่คุณไม่แน่ใจ,
11.0,ม2,10.0,乙,酉,เป็นคนมีเมตตา ชอบช่วยเหลือและทำความดี ใจดี ขี้สงสาร ตั้งใจพัฒนาตัวเอง ชอบทำในสิ่งที่ถูกต้อง มีความกล้าหาญ มีสมาธิแน่วแน่ อดทน มีศักดิ์ศรี แต่บางครั้งก็หัวดื้อ โกรธง่าย และสงสัยบ่อย,,"เป็นคนใจดี ขี้สงสาร ชอบช่วยเหลือ รักศิลปะและความงาม มีเสน่ห์ ตั้งใจพัฒนาตัวเอง ชอบทำในสิ่งที่ถูก
เข้าใจธรรมชาติ ปรับตัวเก่ง แก้ปัญหาเก่ง กล้าหาญ มีสมาธิดี อดทน แต่บางครั้งก็ดื้อ โกรธง่าย และขี้สงสัย",คุณมีอารมณ์รุนแรง จนทำให้เกิดความขัดแย้งทั้งกับตัวเองและคนรอบข้าง ควรฝึกสติและหมั่นควบคุมอารมณ์ อย่าจมอยู่กับอดีต ควรหาสิ่งใหม่ ๆ ที่สร้างแรงบันดาลใจ หลีกเลี่ยงสิ่งที่ฉาบฉวยและไม่จริงใจ จงออกเดินทางเพื่อค้นหาสิ่งที่ตัวเองรักและใช่สำหรับคุณ ความสำเร็จจะไม่ได้มาจากคำชื่นชม แต่จากความตั้งใจจริง,ใจดี มีเมตตา ขยัน ชัดเจน เข้าใจธรรมชาติ ปรับตัวเก่ง รักความสวยงาม มีเสน่ห์ แต่มักอารมณ์รุนแรงจนขัดแย้งกับคนรอบข้าง ควรฝึกสติ อย่ายึดติดอดีต เปิดใจหาสิ่งใหม่ที่สร้างแรงบันดาลใจ เลี่ยงสิ่งที่ฉาบฉวยไม่จริงใจ แล้วจะพบทางของตัวเอง,ตรงต่อเวลา รู้บทบาทหน้าที่ของตนเองชัดเจน ยึดหลักลำดับขั้นในสังคม ใส่ใจพื้นที่ส่วนตัวและคนใกล้ชิด ชอบจัดระเบียบชีวิตประจำวัน และไวต่อสิ่งรบกวนหรือความไม่เรียบร้อยรอบตัว มักกระตุ้นให้คนอื่นทำงานอย่างที่ตัวเองหวัง มีอารมณ์รุนแรง จนทำให้เกิดความขัดแย้งทั้งกับตัวเองและคนรอบข้าง ควรฝึกสติและหมั่นควบคุมอารมณ์ อย่าจมอยู่กับอดีต ควรหาสิ่งใหม่ ๆ ที่สร้างแรงบันดาลใจ หลีกเลี่ยงสิ่งที่ฉาบฉวยและไม่จริงใจ จงออกเดินทางเพื่อค้นหาสิ่งที่ตัวเองรักและใช่สำหรับคุณ ความสำเร็จจะไม่ได้มาจากคำชื่นชม แต่จากความตั้งใจจริง,
12.0,ม2,12.0,乙,亥,เป็นคนมีเมตตา ชอบช่วยเหลือและทำความดี ใจดี ขี้สงสาร ตั้งใจพัฒนาตัวเอง ชอบทำในสิ่งที่ถูกต้อง มีความกล้าหาญ มีสมาธิแน่วแน่ อดทน มีศักดิ์ศรี แต่บางครั้งก็หัวดื้อ โกรธง่าย และสงสัยบ่อย,,"เป็นคนใจดี ขี้สงสาร ชอบช่วยเหลือ รักศิลปะและความงาม มีเสน่ห์ ตั้งใจพัฒนาตัวเอง ชอบทำในสิ่งที่ถูก
เข้าใจธรรมชาติ ปรับตัวเก่ง แก้ปัญหาเก่ง กล้าหาญ มีสมาธิดี อดทน แต่บางครั้งก็ดื้อ โกรธง่าย และขี้สงสัย",คุณมีอารมณ์ภายในที่รุนแรง และพร้อมจะทำลายทุกอย่างหากไม่เป็นไปตามใจ ควรฝึกควบคุมอารมณ์อย่างจริงจัง มิฉะนั้นอาจนำไปสู่ความเสียหายหรือปัญหาที่แก้ไขยาก หากตั้งสติให้ดีและไม่วู่วาม สิ่งดี ๆ ที่รออยู่ข้างหน้าจะเป็นจริง และคุณจะได้รับความช่วยเหลือจากผู้ใหญ่หรือคนที่หวังดี,ใจดี มีเมตตา ขยัน ชัดเจน เข้าใจธรรมชาติ ปรับตัวเก่ง รักความสวยงาม มีเสน่ห์ แต่อารมณ์รุนแรงและวู่วาม หากควบคุมอารมณ์ให้ดี ไม่ยึดตามใจตนเองเกินไป จะมีโอกาสดีๆเข้ามา ผู้ใหญ่หรือคนหวังดีจะคอยช่วยเหลือ,ใจเย็น เฉื่อยชา นอนมาก ชอบขุดคุ้ยเรื่องเก่า ๆ รักความเรียบง่าย ชอบใช้ชีวิตสบาย ๆ ในสิ่งแวดล้อมที่ปลอดภัย มีความละเอียดในสิ่งเล็ก ๆ แม้ดูเงียบเฉย แต่มีสัมผัสไวต่อความรู้สึก และหลีกเลี่ยงสถานการณ์ที่เสียงดังหรือวุ่นวาย มีอารมณ์ภายในที่รุนแรง และพร้อมจะทำลายทุกอย่างหากไม่เป็นไปตามใจ ควรฝึกควบคุมอารมณ์อย่างจริงจัง มิฉะนั้นอาจนำไปสู่ความเสียหายหรือปัญหาที่แก้ไขยาก หากตั้งสติให้ดีและไม่วู่วาม สิ่งดี ๆ ที่รออยู่ข้างหน้าจะเป็นจริง และคุณจะได้รับความช่วยเหลือจากผู้ใหญ่หรือคนที่หวังดี,
13.0,ฟ1,1.0,丙,子,เป็นคนมีมารยาท รู้จักเคารพผู้อื่น มีน้ำใจ ชอบช่วยเหลือ มองโลกในแง่ดี จริงใจ ฉลาด มีชื่อเสียงและความสามารถในการพูดจา ชอบให้ความรู้และความอบอุ่นกับคนรอบข้าง ขยัน กระตือรือร้น เห็นโอกาสได้มากกว่าคนอื่น เคารพผู้ใหญ่ และห่วงใยน้อง ๆ,เป็นคนมีพลัง ชอบทำอะไรเต็มที่ สดใส กระตือรือร้น มั่นใจ ไม่ยอมแพ้ง่าย ชอบทำอะไรซ้ำ ๆ ตามความเคยชิน รักเพื่อน มีความรับผิดชอบ สุภาพ มีมารยาท รักความโดดเด่น ชอบตามกระแส มีศักดิ์ศรี ชอบสอน ชอบแบ่งปันความรู้ คิดกว้าง แต่มักห่วงภาพลักษณ์ โกรธง่ายแต่หายไว,เป็นคนมีมารยาท เคารพผู้อื่น มีน้ำใจ ชอบช่วยเหลือ มองโลกในแง่ดี ห่วงใยเพื่อนพ้อง โกรธง่ายแต่หายไว จริงใจ พูดเก่ง มีความรับผิดชอบ รักความโดดเด่น ห่วงภาพลักษณ์ ชอบให้ความรู้และความอบอุ่น ขยัน กระตือรือร้น ทำอะไรเต็มที่ ฉลาด เห็นโอกาสได้ดีกว่าคนอื่น,คุณเป็นคนใจดี เอื้อเฟื้อเผื่อแผ่ และเป็นที่พึ่งของคนรอบข้าง แต่ต้องระวังไม่ให้ช่วยเหลือผู้อื่นจนตัวเองลำบาก ควรมีเป้าหมายชีวิตที่ชัดเจนก่อนตัดสินใจทำสิ่งใด คุณมีความมั่นใจสูงและกล้าได้กล้าเสีย แต่ต้องระวังคำเยินยอที่อาจทำให้หลงเชื่อคนง่าย ถ้าคุณมั่นคงในสิ่งที่ทำ จะประสบความสำเร็จได้,ใจดี มีน้ำใจ เคารพผู้อื่น จริงใจ ฉลาด กระตือรือร้น ทำอะไรเต็มที่ มีความรับผิดชอบ สอนคนอื่นได้ รักความโดดเด่น มั่นใจ กล้าได้กล้าเสีย ควรระวังคำชมที่ทำให้หลงเชื่อง่าย และการช่วยเหลือจนเสียเปรียบ ต้องมั่งคงในสิ่งที่ทำ แล้วจะสำเร็จได้,เคลื่อนไหวไว ไหวพริบดี มักระวังตัวและไม่ประมาท ชอบสังเกตและจับจังหวะก่อนลงมือ ชินกับการทำงานหรือใช้ชีวิตในช่วงกลางคืน รู้จักเลือกอยู่ในที่ที่ปลอดภัย และมีนิสัยชอบสะสมหรือเตรียมสำรองไว้ล่วงหน้าเสมอ เป็นคนใจดี เอื้อเฟื้อเผื่อแผ่ และเป็นที่พึ่งของคนรอบข้าง แต่ต้องระวังไม่ให้ช่วยเหลือผู้อื่นจนตัวเองลำบาก ควรมีเป้าหมายชีวิตที่ชัดเจนก่อนตัดสินใจทำสิ่งใด คุณมีความมั่นใจสูงและกล้าได้กล้าเสีย แต่ต้องระวังคำเยินยอที่อาจทำให้หลงเชื่อคนง่าย ถ้าคุณมั่นคงในสิ่งที่ทำ จะประสบความสำเร็จ,
14.0,ฟ1,3.0,丙,寅,เป็นคนมีมารยาท รู้จักเคารพผู้อื่น มีน้ำใจ ชอบช่วยเหลือ มองโลกในแง่ดี จริงใจ ฉลาด มีชื่อเสียงและความสามารถในการพูดจา ชอบให้ความรู้และความอบอุ่นกับคนรอบข้าง ขยัน กระตือรือร้น เห็นโอกาสได้มากกว่าคนอื่น เคารพผู้ใหญ่ และห่วงใยน้อง ๆ,,เป็นคนมีมารยาท เคารพผู้อื่น มีน้ำใจ ชอบช่วยเหลือ มองโลกในแง่ดี ห่วงใยเพื่อนพ้อง โกรธง่ายแต่หายไว จริงใจ พูดเก่ง มีความรับผิดชอบ รักความโดดเด่น ห่วงภาพลักษณ์ ชอบให้ความรู้และความอบอุ่น ขยัน กระตือรือร้น ทำอะไรเต็มที่ ฉลาด เห็นโอกาสได้ดีกว่าคนอื่น,คุณมีใจเมตตาและเป็นที่พึ่งของคนอื่นเสมอ มีความกระตือรือร้นและพัฒนาอย่างต่อเนื่อง แต่อารมณ์อาจแปรปรวนและนำไปสู่ความเสียหาย ต้องระวังความโลภ ความไม่สม่ำเสมอ และการเริ่มต้นสิ่งใดแล้วไม่ต่อเนื่อง การหมั่นเติมพลังใจให้ตัวเอง จะช่วยให้คุณก้าวหน้าได้อย่างมั่นคง,ใจดี มีน้ำใจ เคารพผู้อื่น จริงใจ ฉลาด กระตือรือร้น ทำอะไรเต็มที่ มีความรับผิดชอบ สอนคนอื่นได้ รักความโดดเด่น เป็นที่พึ่งของคนอื่น แต่อาจอารมณ์แปรปรวน ไม่สม่ำเสมอ ล้มเลิกกลางทาง ควรหมั่นเติมพลังใจให้ตัวเอง และระวังความโลภ,รักอิสระ มักทำงานคนเดียว ไม่ชอบพึ่งพาผู้อื่น เงียบขรึมแต่ลงมืออย่างแม่นยำ รักพื้นที่ส่วนตัวและไม่ยอมให้ใครล้ำเส้น ใช้พลังเฉพาะเมื่อจำเป็น ไม่แสดงออกเกินเหตุ และมักไม่ไว้ใจสิ่งแปลกหน้าหรือคนที่ไม่คุ้นเคย มีใจเมตตาและเป็นที่พึ่งของคนอื่นเสมอ มีความกระตือรือร้นและพัฒนาอย่างต่อเนื่อง แต่อารมณ์อาจแปรปรวนและนำไปสู่ความเสียหาย ต้องระวังความโลภ ความไม่สม่ำเสมอ และการเริ่มต้นสิ่งใดแล้วไม่ต่อเนื่อง การหมั่นเติมพลังใจให้ตัวเอง จะช่วยให้คุณก้าวหน้าได้อย่างมั่นคง,
15.0,ฟ1,5.0,丙,辰,เป็นคนมีมารยาท รู้จักเคารพผู้อื่น มีน้ำใจ ชอบช่วยเหลือ มองโลกในแง่ดี จริงใจ ฉลาด มีชื่อเสียงและความสามารถในการพูดจา ชอบให้ความรู้และความอบอุ่นกับคนรอบข้าง ขยัน กระตือรือร้น เห็นโอกาสได้มากกว่าคนอื่น เคารพผู้ใหญ่ และห่วงใยน้อง ๆ,,เป็นคนมีมารยาท เคารพผู้อื่น มีน้ำใจ ชอบช่วยเหลือ มองโลกในแง่ดี ห่วงใยเพื่อนพ้อง โกรธง่ายแต่หายไว จริงใจ พูดเก่ง มีความรับผิดชอบ รักความโดดเด่น ห่วงภาพลักษณ์ ชอบให้ความรู้และความอบอุ่น ขยัน กระตือรือร้น ทำอะไรเต็มที่ ฉลาด เห็นโอกาสได้ดีกว่าคนอื่น,คุณเป็นคนมีความรู้หลากหลาย แต่ยังไม่สามารถเปลี่ยนให้เป็นรายได้หรือความมั่นคงได้ อาจยังติดอยู่กับอดีตและไร้ทิศทาง ควรตั้งเป้าหมายให้ชัด และใช้ความรู้เดิมวางรากฐานให้แน่น หากมีความพยายามอย่างต่อเนื่อง ผลลัพธ์ที่ดีจะไม่ไกลเกินเอื้อม,ใจดี มีน้ำใจ เคารพผู้อื่น จริงใจ ฉลาด กระตือรือร้น ทำอะไรเต็มที่ มีความรับผิดชอบ สอนคนอื่นได้ รักความโดดเด่น มีความรู้หลากหลาย แต่อาจเปลี่ยนเป็นรายได้ไม่ได้ ควรตั้งเป้าหมายให้ชัด ใช้ความรู้เดิมสร้างรากฐาน และพยายามต่อเนื่อง,เปี่ยมด้วยพลังที่หลากหลาย มีความสามารถรอบด้าน มักแสดงออกอย่างโดดเด่นและน่าเกรงขาม บุคลิกสง่างามและลึกลับ มีพลังในการเปลี่ยนแปลงสิ่งรอบตัวได้เหมือนควบคุมธรรมชาติ และอารมณ์เปลี่ยนแปลงรวดเร็ว ยากจะคาดเดา เป็นคนมีความรู้หลากหลาย แต่ยังไม่สามารถเปลี่ยนให้เป็นรายได้หรือความมั่นคงได้ อาจยังติดอยู่กับอดีตและไร้ทิศทาง ควรตั้งเป้าหมายให้ชัด และใช้ความรู้เดิมวางรากฐานให้แน่น หากมีความพยายามอย่างต่อเนื่อง ผลลัพธ์ที่ดีจะไม่ไกลเกินเอื้อม,
16.0,ฟ1,7.0,丙,午,เป็นคนมีมารยาท รู้จักเคารพผู้อื่น มีน้ำใจ ชอบช่วยเหลือ มองโลกในแง่ดี จริงใจ ฉลาด มีชื่อเสียงและความสามารถในการพูดจา ชอบให้ความรู้และความอบอุ่นกับคนรอบข้าง ขยัน กระตือรือร้น เห็นโอกาสได้มากกว่าคนอื่น เคารพผู้ใหญ่ และห่วงใยน้อง ๆ,,เป็นคนมีมารยาท เคารพผู้อื่น มีน้ำใจ ชอบช่วยเหลือ มองโลกในแง่ดี ห่วงใยเพื่อนพ้อง โกรธง่ายแต่หายไว จริงใจ พูดเก่ง มีความรับผิดชอบ รักความโดดเด่น ห่วงภาพลักษณ์ ชอบให้ความรู้และความอบอุ่น ขยัน กระตือรือร้น ทำอะไรเต็มที่ ฉลาด เห็นโอกาสได้ดีกว่าคนอื่น,คุณมีความสามารถรอบด้าน และรักการเรียนรู้ แต่บางครั้งเรียนรู้มากเกินไปจนสับสนและใช้ไม่ถูกทาง คุณเป็นคนจิตใจดีแต่ขี้หงุดหงิดง่าย ควรโฟกัสกับสิ่งที่ถนัดและทำให้ดีที่สุด หยุดเสพสิ่งที่ทำให้ไขว้เขว เช่น ข่าวสารที่มากเกินไป และอย่าช่วยเหลือคนอื่นจนตัวเองเสียหาย,ใจดี มีน้ำใจ เคารพผู้อื่น จริงใจ ฉลาด กระตือรือร้น ทำอะไรเต็มที่ มีความรับผิดชอบ สอนคนอื่นได้ รักความโดดเด่น เก่งรอบด้าน แต่อาจมากไปจนสับสน ควรโฟกัสสิ่งที่ถนัด เลี่ยงสิ่งที่ทำให้ไขว้เขว และระวังการช่วยคนอื่นจนตัวเองลำบาก,กระฉับกระเฉง รักอิสระ ไม่ชอบการถูกบังคับ ตอบสนองไวต่อสิ่งเร้า ชอบมีสังคมเพื่อความมั่นใจ แต่ก็ต้องการพื้นที่ส่วนตัวในการปลดปล่อยพลังงาน เมื่อเริ่มต้นสิ่งใดแล้วมักหยุดยากหากยังมีแรงผลักดัน มีความสามารถรอบด้าน และรักการเรียนรู้ แต่บางครั้งเรียนรู้มากเกินไปจนสับสนและใช้ไม่ถูกทาง เป็นคนจิตใจดีแต่ขี้หงุดหงิดง่าย ควรโฟกัสกับสิ่งที่ถนัดและทำให้ดีที่สุด หยุดเสพสิ่งที่ทำให้ไขว้เขว เช่น ข่าวสารที่มากเกินไป และอย่าช่วยเหลือคนอื่นจนตัวเองเสียหาย,
17.0,ฟ1,9.0,丙,申,เป็นคนมีมารยาท รู้จักเคารพผู้อื่น มีน้ำใจ ชอบช่วยเหลือ มองโลกในแง่ดี จริงใจ ฉลาด มีชื่อเสียงและความสามารถในการพูดจา ชอบให้ความรู้และความอบอุ่นกับคนรอบข้าง ขยัน กระตือรือร้น เห็นโอกาสได้มากกว่าคนอื่น เคารพผู้ใหญ่ และห่วงใยน้อง ๆ,,เป็นคนมีมารยาท เคารพผู้อื่น มีน้ำใจ ชอบช่วยเหลือ มองโลกในแง่ดี ห่วงใยเพื่อนพ้อง โกรธง่ายแต่หายไว จริงใจ พูดเก่ง มีความรับผิดชอบ รักความโดดเด่น ห่วงภาพลักษณ์ ชอบให้ความรู้และความอบอุ่น ขยัน กระตือรือร้น ทำอะไรเต็มที่ ฉลาด เห็นโอกาสได้ดีกว่าคนอื่น,คุณเป็นคนใจร้อน ทำอะไรไม่ค่อยยั้งคิด ควรฝึกสติให้มากขึ้น คิดก่อนทำและควบคุมอารมณ์ให้ดี เพราะความวู่วามอาจนำไปสู่ปัญหาและความขัดแย้ง หากคุณตั้งมั่นในศีลธรรมและหมั่นเจริญสติ ชีวิตจะเปิดทางให้เจอสิ่งใหม่ ๆ ที่ดีและมั่นคงมากขึ้น,ใจดี มีน้ำใจ เคารพผู้อื่น จริงใจ ฉลาด กระตือรือร้น ทำอะไรเต็มที่ มีความรับผิดชอบ สอนคนอื่นได้ รักความโดดเด่น แต่ใจร้อน วู่วาม ควรฝึกสติ ควบคุมอารมณ์ หากตั้งมั่นในศีลธรรม จะเจอสิ่งดีๆในชีวิตมากขึ้น,คล่องแคล่ว ว่องไว มีความอยากรู้อยากเห็นสูง รักการเรียนรู้และทดลองสิ่งใหม่ มักใช้วิธีคิดสร้างสรรค์ แฝงอารมณ์ขัน และสามารถใช้สิ่งรอบตัวให้เกิดประโยชน์ได้อย่างชาญฉลาด ไม่ชอบให้ใครมาล่วงล้ำพื้นที่ส่วนตัว เป็นคนใจร้อน ทำอะไรไม่ค่อยยั้งคิด ควรฝึกสติให้มากขึ้น คิดก่อนทำและควบคุมอารมณ์ให้ดี เพราะความวู่วามอาจนำไปสู่ปัญหาและความขัดแย้ง หากคุณตั้งมั่นในศีลธรรมและหมั่นเจริญสติ ชีวิตจะเปิดทางให้เจอสิ่งใหม่ ๆ ที่ดีและมั่นคงมากขึ้น,
18.0,ฟ1,11.0,丙,戌,เป็นคนมีมารยาท รู้จักเคารพผู้อื่น มีน้ำใจ ชอบช่วยเหลือ มองโลกในแง่ดี จริงใจ ฉลาด มีชื่อเสียงและความสามารถในการพูดจา ชอบให้ความรู้และความอบอุ่นกับคนรอบข้าง ขยัน กระตือรือร้น เห็นโอกาสได้มากกว่าคนอื่น เคารพผู้ใหญ่ และห่วงใยน้อง ๆ,,เป็นคนมีมารยาท เคารพผู้อื่น มีน้ำใจ ชอบช่วยเหลือ มองโลกในแง่ดี ห่วงใยเพื่อนพ้อง โกรธง่ายแต่หายไว จริงใจ พูดเก่ง มีความรับผิดชอบ รักความโดดเด่น ห่วงภาพลักษณ์ ชอบให้ความรู้และความอบอุ่น ขยัน กระตือรือร้น ทำอะไรเต็มที่ ฉลาด เห็นโอกาสได้ดีกว่าคนอื่น,คุณสามารถสร้างตัวเองจากจุดเริ่มต้นเล็ก ๆ ได้อย่างมั่นคง แต่หากมองข้ามรายละเอียดหรือข้อผิดพลาดเล็กน้อย อาจทำให้เกิดปัญหาใหญ่ ควรใส่ใจในการวางระบบงาน และจัดการทีมให้มั่นคงก่อนขยายออกไป การมีระเบียบและรอบคอบจะนำพาความสำเร็จในระยะยาว,ใจดี มีน้ำใจ เคารพผู้อื่น จริงใจ ฉลาด กระตือรือร้น ทำอะไรเต็มที่ มีความรับผิดชอบ สอนคนอื่นได้ รักความโดดเด่น สร้างตัวได้จากจุดเล็ก ๆ แต่อาจละเลยรายละเอียด จนเกิดปัญหา ควรมีจัดการให้สิ่งต่าง ๆ มีระเบียบและรอบคอบขึ้น,จงรักภักดี ซื่อสัตย์ ชัดเจนในความสัมพันธ์ พร้อมปกป้องคนที่รัก สื่อสารตรงไปตรงมา และใช้สัญชาตญาณในการแยกแยะความรู้สึกของผู้คน รักษาระเบียบในกลุ่ม และยึดถือความสัมพันธ์แบบมีลำดับขั้น สามารถสร้างตัวเองจากจุดเริ่มต้นเล็ก ๆ ได้อย่างมั่นคง แต่หากมองข้ามรายละเอียดหรือข้อผิดพลาดเล็กน้อย อาจทำให้เกิดปัญหาใหญ่ ควรใส่ใจในการวางระบบงาน และจัดการทีมให้มั่นคงก่อนขยายออกไป การมีระเบียบและรอบคอบจะนำพาความสำเร็จในระยะยาว,
19.0,ฟ2,2.0,丁,丑,เป็นคนมีมารยาท รู้จักเคารพผู้อื่น มีน้ำใจ ชอบช่วยเหลือ มองโลกในแง่ดี จริงใจ ฉลาด มีชื่อเสียงและความสามารถในการพูดจา ชอบให้ความรู้และความอบอุ่นกับคนรอบข้าง ขยัน กระตือรือร้น เห็นโอกาสได้มากกว่าคนอื่น เคารพผู้ใหญ่ และห่วงใยน้อง ๆ,อ่อนโยน สุภาพ กตัญญู รอบคอบ ชอบเรียนรู้ สนใจปรัชญาและการคิดลึกซึ้ง เก่งหลายด้าน เสียสละเพื่อคนอื่น ชอบเป็นแรงบันดาลใจให้คนรอบข้าง มีความรัก เข้าใจสถานการณ์รอบตัวเก่ง มองเห็นโอกาสและแนวทางได้ดี แต่บางครั้งมัวแต่ช่วยคนอื่นจนลืมดูแลตัวเอง,เป็นคนมีมารยาท อ่อนโยน มีน้ำใจ มองโลกในแง่ดี กระตือรือร้น ฉลาด เก่งหลายด้าน เข้าใจสถานการณ์ดี พูดเก่ง ชอบเป็นแรงบันดาลใจ เห็นโอกาสดี สนใจปรัชญา เคารพผู้ใหญ่ ห่วงใยน้อง เสียสละเพื่อคนอื่น แต่บางครั้งช่วยคนอื่นจนลืมดูแลตัวเอง,คุณเป็นคนขยัน อดทน และไม่ย่อท้อต่ออุปสรรค หากลงทุนให้ถูกทาง ถูกเวลา และกับคนที่เหมาะสม จะนำมาซึ่งความมั่งคั่ง แม้บางครั้งจะเหนื่อยหรือเบื่อกับปัญหาเดิม ๆ แต่หากคุณยังมุ่งมั่นต่อไป ผลลัพธ์จะคุ้มค่าและสร้างความมั่นคงให้กับชีวิตได้มากมาย,อ่อนโยน มองโลกในแง่ดี กระตือรือร้น เก่งหลายด้าน เข้าใจสถานการณ์ได้ดี  ขยัน อดทน มีความคิดลึกซึ้ง ชอบเป็นแรงบันดาลใจ เสียสละเพื่อคนอื่น ถ้าลงทุนถูกที่ถูกเวลา ชีวิตมั่นคงขึ้น แต่ต้องไม่หมดไฟกลางทาง,สุขุม อดทน เดินหน้าอย่างมั่นคง ไม่เร่งรีบ รักความสงบและไม่ชอบความขัดแย้ง ชอบอยู่ร่วมกับคนที่ไว้ใจได้ มีระเบียบในชีวิตประจำวัน และมักใช้ชีวิตแบบเดิมซ้ำ ๆ แต่หากถูกรบกวนมากเกินไป อาจแสดงอารมณ์รุนแรงได้ เป็นคนขยัน ทรหดอดทน และไม่ย่อท้อต่ออุปสรรค หากลงทุนให้ถูกทาง ถูกเวลา และกับคนที่เหมาะสม จะนำมาซึ่งความมั่งคั่ง แม้บางครั้งจะเหนื่อยหรือเบื่อกับปัญหาเดิม ๆ แต่หากคุณยังมุ่งมั่นต่อไป ผลลัพธ์จะคุ้มค่าและสร้างความมั่นคงให้กับชีวิตได้มากมาย,
20.0,ฟ2,4.0,丁,卯,เป็นคนมีมารยาท รู้จักเคารพผู้อื่น มีน้ำใจ ชอบช่วยเหลือ มองโลกในแง่ดี จริงใจ ฉลาด มีชื่อเสียงและความสามารถในการพูดจา ชอบให้ความรู้และความอบอุ่นกับคนรอบข้าง ขยัน กระตือรือร้น เห็นโอกาสได้มากกว่าคนอื่น เคารพผู้ใหญ่ และห่วงใยน้อง ๆ,,เป็นคนมีมารยาท อ่อนโยน มีน้ำใจ มองโลกในแง่ดี กระตือรือร้น ฉลาด เก่งหลายด้าน เข้าใจสถานการณ์ดี พูดเก่ง ชอบเป็นแรงบันดาลใจ เห็นโอกาสดี สนใจปรัชญา เคารพผู้ใหญ่ ห่วงใยน้อง เสียสละเพื่อคนอื่น แต่บางครั้งช่วยคนอื่นจนลืมดูแลตัวเอง,คุณมีนิสัยใจร้อน โกรธง่าย และควบคุมตัวเองไม่ได้ ทำให้เสียโอกาสและความสัมพันธ์ไปหลายอย่าง ควรฝึกสมาธิและควบคุมอารมณ์ เพื่อไม่ให้ความโกรธทำร้ายตัวเองและผู้อื่น ความสามารถของคุณต้องได้รับการพัฒนาอย่างต่อเนื่อง มิฉะนั้นจะไม่เป็นที่ยอมรับ พึงระวังความหลงใหลในสิ่งผิด ๆ เพราะจะนำมาซึ่งความเดือดร้อน,อ่อนโยน มองโลกในแง่ดี กระตือรือร้น เก่งหลายด้าน เข้าใจสถานการณ์ได้ดี ความคิดลึกซึ้ง ชอบเป็นแรงบันดาลใจ เสียสละเพื่อคนอื่น แต่ใจร้อน โกรธง่าย อาจทำให้เสียโอกาสหรือความสัมพันธ์ได้ ควรฝึกใจเย็นไว้ และระวังการหลงผิด,ระมัดระวังสูง ไวต่อสิ่งรอบตัว มักตอบสนองเร็วต่อเสียงหรือสถานการณ์ผิดปกติ ทำอะไรเงียบและรวดเร็ว ไม่ชอบอยู่ในที่โล่งแจ้งหรือเสี่ยงภัย และมักถอยหนีทันทีเมื่อรู้สึกไม่ปลอดภัย มีนิสัยใจร้อน โกรธง่าย และควบคุมตัวเองไม่ได้ ทำให้เสียโอกาสและความสัมพันธ์ไปหลายอย่าง ควรฝึกสมาธิและควบคุมอารมณ์ เพื่อไม่ให้ความโกรธทำร้ายตัวเองและผู้อื่น ความสามารถของคุณต้องได้รับการพัฒนาอย่างต่อเนื่อง มิฉะนั้นจะไม่เป็นที่ยอมรับ พึงระวังความหลงใหลในสิ่งผิด ๆ เพราะจะนำมาซึ่งความเดือดร้อน,
21.0,ฟ2,6.0,丁,巳,เป็นคนมีมารยาท รู้จักเคารพผู้อื่น มีน้ำใจ ชอบช่วยเหลือ มองโลกในแง่ดี จริงใจ ฉลาด มีชื่อเสียงและความสามารถในการพูดจา ชอบให้ความรู้และความอบอุ่นกับคนรอบข้าง ขยัน กระตือรือร้น เห็นโอกาสได้มากกว่าคนอื่น เคารพผู้ใหญ่ และห่วงใยน้อง ๆ,,เป็นคนมีมารยาท อ่อนโยน มีน้ำใจ มองโลกในแง่ดี กระตือรือร้น ฉลาด เก่งหลายด้าน เข้าใจสถานการณ์ดี พูดเก่ง ชอบเป็นแรงบันดาลใจ เห็นโอกาสดี สนใจปรัชญา เคารพผู้ใหญ่ ห่วงใยน้อง เสียสละเพื่อคนอื่น แต่บางครั้งช่วยคนอื่นจนลืมดูแลตัวเอง,คุณเป็นคนมั่นใจในตัวเองสูง จนบางครั้งไม่ค่อยฟังความคิดเห็นจากผู้อื่น ความรู้ที่มีอาจใช้ไม่ตรงจุด ควรคัดกรองให้เหมาะกับตัวเอง หมั่นแยกแยะสิ่งที่ใช่เพื่อสร้างความมั่นคง ความมั่นใจที่มากเกินไปอาจปิดกั้นโอกาสดี ๆ ควรฟังผู้อื่นบ้าง เพื่อไม่ให้พลาดหรือเสียหาย หมั่นควบคุมอารมณ์ อย่าดื้อหรือใจร้อนเกินไป และอย่าปิดใจต่อคนที่คิดต่าง,อ่อนโยน มองโลกในแง่ดี กระตือรือร้น เก่งหลายด้าน เข้าใจสถานการณ์ได้ดี ความคิดลึกซึ้ง ชอบเป็นแรงบันดาลใจ เสียสละเพื่อคนอื่น มั่นใจสูง จนอาจไม่ค่อยฟังคนอื่น ความรู้ที่มี ถ้าใช้ถูกจังหวะ จะเปิดประตูใหม่ให้กับชีวิต,เงียบ ขรึม และสุขุม มักใช้เวลาสังเกตก่อนลงมือ เคลื่อนไหวช้าแต่แม่นยำและรวดเร็วเมื่อจำเป็น ไวต่อสภาพแวดล้อมและอารมณ์รอบตัว ชอบอยู่ในที่สงบ ไม่วุ่นวาย และสามารถฟื้นตัวจากปัญหาได้ดีเมื่อมีเวลา เป็นคนมั่นใจในตัวเองสูง จนบางครั้งไม่ค่อยฟังความคิดเห็นจากผู้อื่น ความรู้ที่มีอาจใช้ไม่ตรงจุด ควรคัดกรองให้เหมาะกับตัวเอง หมั่นแยกแยะสิ่งที่ใช่เพื่อสร้างความมั่นคง ความมั่นใจที่มากเกินไปอาจปิดกั้นโอกาสดี ๆ ควรฟังผู้อื่นบ้าง เพื่อไม่ให้พลาดหรือเสียหาย หมั่นควบคุมอารมณ์ อย่าดื้อหรือใจร้อนเกินไป และอย่าปิดใจต่อคนที่คิดต่าง,
22.0,ฟ2,8.0,丁,未,เป็นคนมีมารยาท รู้จักเคารพผู้อื่น มีน้ำใจ ชอบช่วยเหลือ มองโลกในแง่ดี จริงใจ ฉลาด มีชื่อเสียงและความสามารถในการพูดจา ชอบให้ความรู้และความอบอุ่นกับคนรอบข้าง ขยัน กระตือรือร้น เห็นโอกาสได้มากกว่าคนอื่น เคารพผู้ใหญ่ และห่วงใยน้อง ๆ,,เป็นคนมีมารยาท อ่อนโยน มีน้ำใจ มองโลกในแง่ดี กระตือรือร้น ฉลาด เก่งหลายด้าน เข้าใจสถานการณ์ดี พูดเก่ง ชอบเป็นแรงบันดาลใจ เห็นโอกาสดี สนใจปรัชญา เคารพผู้ใหญ่ ห่วงใยน้อง เสียสละเพื่อคนอื่น แต่บางครั้งช่วยคนอื่นจนลืมดูแลตัวเอง,คุณเป็นคนบุคลิกชัดเจน มีความรู้หลากหลาย และสามารถนำมาปรับใช้กับชีวิตได้ดี หากรู้จักตัวเองและพัฒนาให้ตรงจุด จะพบความสำเร็จ ควรตั้งเป้าหมายให้ชัด ไม่ไหลตามกระแสนิยม และตัดสิ่งที่ไม่จำเป็นออกจากชีวิต คุณเป็นที่พึ่งให้คนรอบข้างได้ดี และมีโอกาสสร้างความเจริญให้กับตัวเองอย่างมั่นคง,อ่อนโยน กระตือรือร้น ความคิดลึกซึ้ง ชอบเป็นแรงบันดาลใจ เสียสละเพื่อคนอื่น เก่งหลายด้าน เข้าใจสถานการณ์ได้ดี แค่ต้องโฟกัสให้ตรงจุด อย่าหลงไปตามกระแส ตั้งเป้าให้ชัด และตัดสิ่งไม่จำเป็นออก จะพาตัวเองไปไกลได้,อ่อนโยน ชอบอยู่ร่วมกับผู้อื่นเพื่อความสบายใจ บางครั้งก็ชอบความเป็นส่วนตัว มักไม่แสดงอารมณ์ชัดเจน ชอบสิ่งแวดล้อมที่ปลอดภัยและสงบ เข้าใจความรู้สึกของคนรอบข้าง และใช้การสังเกตอย่างเงียบ ๆ แทนการเผชิญหน้า เป็นคนบุคลิกชัดเจน มีความรู้หลากหลาย และสามารถนำมาปรับใช้กับชีวิตได้ดี หากรู้จักตัวเองและพัฒนาให้ตรงจุด จะพบความสำเร็จ ควรตั้งเป้าหมายให้ชัด ไม่ไหลตามกระแสนิยม และตัดสิ่งที่ไม่จำเป็นออกจากชีวิต คุณเป็นที่พึ่งให้คนรอบข้างได้ดี และมีโอกาสสร้างความเจริญให้กับตัวเองอย่างมั่นคง,
23.0,ฟ2,10.0,丁,酉,เป็นคนมีมารยาท รู้จักเคารพผู้อื่น มีน้ำใจ ชอบช่วยเหลือ มองโลกในแง่ดี จริงใจ ฉลาด มีชื่อเสียงและความสามารถในการพูดจา ชอบให้ความรู้และความอบอุ่นกับคนรอบข้าง ขยัน กระตือรือร้น เห็นโอกาสได้มากกว่าคนอื่น เคารพผู้ใหญ่ และห่วงใยน้อง ๆ,,เป็นคนมีมารยาท อ่อนโยน มีน้ำใจ มองโลกในแง่ดี กระตือรือร้น ฉลาด เก่งหลายด้าน เข้าใจสถานการณ์ดี พูดเก่ง ชอบเป็นแรงบันดาลใจ เห็นโอกาสดี สนใจปรัชญา เคารพผู้ใหญ่ ห่วงใยน้อง เสียสละเพื่อคนอื่น แต่บางครั้งช่วยคนอื่นจนลืมดูแลตัวเอง,คุณเป็นคนมีความสามารถรอบด้าน คิดเป็นระบบ สุขุมเยือกเย็น มองโลกในแง่ดี และมีทัศนคติที่ก้าวหน้า สามารถเปลี่ยนของธรรมดาให้มีคุณค่าและรายได้ การค้าขายเจริญรุ่งเรือง มีผู้สนับสนุน และมีชื่อเสียงที่ดี หากใช้ความคิดสร้างสรรค์อย่างต่อเนื่อง จะนำไปสู่ความมั่นคงและความสำเร็จ,อ่อนโยน มองโลกในแง่ดี กระตือรือร้น ชอบเป็นแรงบันดาลใจ เสียสละเพื่อคนอื่น เก่งหลายด้าน เข้าใจสถานการณ์ได้ดี มีความคิดลึกซึ้ง ถ้าใช้ให้ดีและต่อเนื่อง สามารถทำให้ของธรรมดากลายเป็นรายได้ มีคนสนับสนุน มีชื่อเสียงได้,ตรงต่อเวลา รู้บทบาทหน้าที่ของตนเองชัดเจน ยึดหลักลำดับขั้นในสังคม ใส่ใจพื้นที่ส่วนตัวและคนใกล้ชิด ชอบจัดระเบียบชีวิตประจำวัน และไวต่อสิ่งรบกวนหรือความไม่เรียบร้อยรอบตัว มักกระตุ้นให้คนอื่นทำงานอย่างที่ตัวเองหวัง เป็นคนมีความสามารถรอบด้าน คิดเป็นระบบ สุขุมเยือกเย็น มองโลกในแง่ดี และมีทัศนคติที่ก้าวหน้า สามารถเปลี่ยนของธรรมดาให้มีคุณค่าและรายได้ การค้าขายเจริญรุ่งเรือง มีผู้สนับสนุน และมีชื่อเสียงที่ดี หากใช้ความคิดสร้างสรรค์อย่างต่อเนื่อง จะนำไปสู่ความมั่นคงและความสำเร็จ,
24.0,ฟ2,12.0,丁,亥,เป็นคนมีมารยาท รู้จักเคารพผู้อื่น มีน้ำใจ ชอบช่วยเหลือ มองโลกในแง่ดี จริงใจ ฉลาด มีชื่อเสียงและความสามารถในการพูดจา ชอบให้ความรู้และความอบอุ่นกับคนรอบข้าง ขยัน กระตือรือร้น เห็นโอกาสได้มากกว่าคนอื่น เคารพผู้ใหญ่ และห่วงใยน้อง ๆ,,เป็นคนมีมารยาท อ่อนโยน มีน้ำใจ มองโลกในแง่ดี กระตือรือร้น ฉลาด เก่งหลายด้าน เข้าใจสถานการณ์ดี พูดเก่ง ชอบเป็นแรงบันดาลใจ เห็นโอกาสดี สนใจปรัชญา เคารพผู้ใหญ่ ห่วงใยน้อง เสียสละเพื่อคนอื่น แต่บางครั้งช่วยคนอื่นจนลืมดูแลตัวเอง,คุณเหมาะกับการทำงานที่สอดคล้องกับความสามารถ หากฝืนทำสิ่งใหญ่เกินตัว อาจเกิดความเสียหาย ควรเริ่มจากสิ่งเล็ก ๆ แล้วค่อย ๆ พัฒนา ระวังการหลงเชื่อข่าวหรือคำพูดที่ก่อให้เกิดความแตกแยก ใช้สติและมุมมองเชิงบวกในการตัดสินใจ คุณจะประสบผลสำเร็จหากไม่ละเลยความอดทน,อ่อนโยน มองโลกในแง่ดี กระตือรือร้น เก่งหลายด้าน เข้าใจสถานการณ์ได้ดี ความคิดลึกซึ้ง ชอบเป็นแรงบันดาลใจ เสียสละเพื่อคนอื่น ระวังทำสิ่งเกินตัว เริ่มจากจุดที่ไหวแล้วค่อยขยาย ระวังเชื่อคำพูดผิด ๆ ใช้สติให้มาก,ใจเย็น เฉื่อยชา นอนมาก ชอบขุดคุ้ยเรื่องเก่า ๆ รักความเรียบง่าย ชอบใช้ชีวิตสบาย ๆ ในสิ่งแวดล้อมที่ปลอดภัย มีความละเอียดในสิ่งเล็ก ๆ แม้ดูเงียบเฉย แต่มีสัมผัสไวต่อความรู้สึก และหลีกเลี่ยงสถานการณ์ที่เสียงดังหรือวุ่นวาย เหมาะกับการทำงานที่สอดคล้องกับความสามารถ หากฝืนทำสิ่งใหญ่เกินตัว อาจเกิดความเสียหาย ควรเริ่มจากสิ่งเล็ก ๆ แล้วค่อย ๆ พัฒนา ระวังการหลงเชื่อข่าวหรือคำพูดที่ก่อให้เกิดความแตกแยก ใช้สติและมุมมองเชิงบวกในการตัดสินใจ คุณจะประสบผลสำเร็จหากไม่ละเลยความอดทน,
25.0,ด1,1.0,戊,子,เป็นคนซื่อสัตย์ รักษาคำพูด มีความเชื่อมั่นในตัวเอง ใจกว้าง สุภาพ เคารพผู้อื่น รอบคอบ มั่นคง น่าเชื่อถือ พูดตรงกับใจ ไม่เสแสร้ง มีศักดิ์ศรีและกตัญญู,เป็นคนจงรักภักดี ซื่อสัตย์ รอบคอบ น่าเชื่อถือ รักษาคำพูด ใจกว้าง พึ่งพาได้ ไม่ชอบเล่ห์เหลี่ยม เก็บความลับเก่ง สุภาพ เรียบง่าย พอใจกับสิ่งที่ตัวเองมี ชอบเก็บสะสม,เป็นคนซื่อสัตย์ จงรักภักดี รักษาคำพูด มีความเชื่อมั่นในตัวเอง ใจกว้าง พึ่งพาได้ สุภาพ เคารพผู้อื่น รอบคอบ มั่นคง น่าเชื่อถือ พูดตรงกับใจ ไม่เสแสร้ง มีศักดิ์ศรีและกตัญญู ไม่ชอบเล่ห์เหลี่ยม เก็บความลับเก่ง พอใจกับสิ่งที่ตัวเองมี ชอบเก็บสะสม,คุณเป็นคนอบอุ่น ใคร ๆ ก็อยากเข้าใกล้และขอคำปรึกษา แต่ควรระวังปมในใจที่อาจทำให้คุณอารมณ์แปรปรวน หมั่นพัฒนาตนเองอย่างต่อเนื่อง และทำสิ่งต่าง ๆ ให้เสร็จทีละอย่าง ไม่ควรทำหลายอย่างพร้อมกัน เพราะอาจเกิดความเสียหายได้ คิดให้รอบคอบก่อนตัดสินใจ,ซื่อสัตย์ จริงใจ ไว้ใจได้ เคารพคนอื่น รอบคอบ นิ่ง มั่นคง พอใจในสิ่งที่มี คนชอบเข้าหาเพราะความอบอุ่นที่มี แต่ต้องจัดการปมในใจที่อาจทำให้แปรปรวนได้ และไม่ควรทำหลายอย่างพร้อมกัน,เคลื่อนไหวไว ไหวพริบดี มักระวังตัวและไม่ประมาท ชอบสังเกตและจับจังหวะก่อนลงมือ ชินกับการทำงานหรือใช้ชีวิตในช่วงกลางคืน รู้จักเลือกอยู่ในที่ที่ปลอดภัย และมีนิสัยชอบสะสมหรือเตรียมสำรองไว้ล่วงหน้าเสมอ เป็นคนอบอุ่น ใคร ๆ ก็อยากเข้าใกล้และขอคำปรึกษา แต่ควรระวังปมในใจที่อาจทำให้คุณอารมณ์แปรปรวน หมั่นพัฒนาตนเองอย่างต่อเนื่อง และทำสิ่งต่าง ๆ ให้เสร็จทีละอย่าง ไม่ควรทำหลายอย่างพร้อมกัน เพราะอาจเกิดความเสียหายได้ คิดให้รอบคอบก่อนตัดสินใจ,
26.0,ด1,3.0,戊,寅,เป็นคนซื่อสัตย์ รักษาคำพูด มีความเชื่อมั่นในตัวเอง ใจกว้าง สุภาพ เคารพผู้อื่น รอบคอบ มั่นคง น่าเชื่อถือ พูดตรงกับใจ ไม่เสแสร้ง มีศักดิ์ศรีและกตัญญู,,เป็นคนซื่อสัตย์ จงรักภักดี รักษาคำพูด มีความเชื่อมั่นในตัวเอง ใจกว้าง พึ่งพาได้ สุภาพ เคารพผู้อื่น รอบคอบ มั่นคง น่าเชื่อถือ พูดตรงกับใจ ไม่เสแสร้ง มีศักดิ์ศรีและกตัญญู ไม่ชอบเล่ห์เหลี่ยม เก็บความลับเก่ง พอใจกับสิ่งที่ตัวเองมี ชอบเก็บสะสม,ครอบครัวที่มั่นคงเป็นจุดเริ่มต้นของชีวิตที่มีคุณภาพสำหรับคุณ ควรยึดมั่นในเจตนารมณ์ที่ดี และหลีกเลี่ยงคำพูดจากคนไม่หวังดี เพราะอาจนำไปสู่ความเสียหาย อย่ายึดติดกับความคิดลบหรือข่าวลือที่ไม่มีมูล เพราะสิ่งเหล่านี้จะบั่นทอนความเจริญของคุณได้,ซื่อสัตย์ จริงใจ ไว้ใจได้ เคารพคนอื่น รอบคอบ นิ่ง มั่นคง พอใจในสิ่งที่มี ครอบครัวคือพลังของคุณ อย่าเสียเวลาใส่ใจกับคำพูดแย่ ๆ ที่บั่นทอนเรา ให้ยึดมั่นในเจตนารมณ์ที่ดีไว้,รักอิสระ มักทำงานคนเดียว ไม่ชอบพึ่งพาผู้อื่น เงียบขรึมแต่ลงมืออย่างแม่นยำ รักพื้นที่ส่วนตัวและไม่ยอมให้ใครล้ำเส้น ใช้พลังเฉพาะเมื่อจำเป็น ไม่แสดงออกเกินเหตุ และมักไม่ไว้ใจสิ่งแปลกหน้าหรือคนที่ไม่คุ้นเคย ครอบครัวที่มั่นคงเป็นจุดเริ่มต้นของชีวิตที่มีคุณภาพสำหรับคุณ ควรยึดมั่นในเจตนารมณ์ที่ดี และหลีกเลี่ยงคำพูดจากคนไม่หวังดี เพราะอาจนำไปสู่ความเสียหาย อย่ายึดติดกับความคิดลบหรือข่าวลือที่ไม่มีมูล เพราะสิ่งเหล่านี้จะบั่นทอนความเจริญของคุณได้,
27.0,ด1,5.0,戊,辰,เป็นคนซื่อสัตย์ รักษาคำพูด มีความเชื่อมั่นในตัวเอง ใจกว้าง สุภาพ เคารพผู้อื่น รอบคอบ มั่นคง น่าเชื่อถือ พูดตรงกับใจ ไม่เสแสร้ง มีศักดิ์ศรีและกตัญญู,,เป็นคนซื่อสัตย์ จงรักภักดี รักษาคำพูด มีความเชื่อมั่นในตัวเอง ใจกว้าง พึ่งพาได้ สุภาพ เคารพผู้อื่น รอบคอบ มั่นคง น่าเชื่อถือ พูดตรงกับใจ ไม่เสแสร้ง มีศักดิ์ศรีและกตัญญู ไม่ชอบเล่ห์เหลี่ยม เก็บความลับเก่ง พอใจกับสิ่งที่ตัวเองมี ชอบเก็บสะสม,คุณเป็นคนทะเยอทะยานและมุ่งมั่น มีคนสนับสนุนและเป็นที่พึ่งพิงของผู้อื่น คุณมีความรู้เฉพาะทางที่สามารถต่อยอดเป็นรายได้และทรัพย์สินมากมาย หากพัฒนาสิ่งที่ถนัดอย่างต่อเนื่อง จะเกิดความมั่นคงทั้งด้านการเงินและสังคม โอกาสความก้าวหน้าอยู่ในมือคุณ,ซื่อสัตย์ จริงใจ ไว้ใจได้ เคารพคนอื่น รอบคอบ นิ่ง มั่นคง พอใจในสิ่งที่มี ทะเยอทะยาน มุ่งมั่น มีความรู้ที่ต่อยอดได้ ถ้าลงมือทำต่อเนื่อง จะเติบโตและก้าวหน้าได้,เปี่ยมด้วยพลังที่หลากหลาย มีความสามารถรอบด้าน มักแสดงออกอย่างโดดเด่นและน่าเกรงขาม บุคลิกสง่างามและลึกลับ มีพลังในการเปลี่ยนแปลงสิ่งรอบตัวได้เหมือนควบคุมธรรมชาติ และอารมณ์เปลี่ยนแปลงรวดเร็ว ยากจะคาดเดา เป็นคนทะเยอทะยานและมุ่งมั่น มีคนสนับสนุนและเป็นที่พึ่งพิงของผู้อื่น คุณมีความรู้เฉพาะทางที่สามารถต่อยอดเป็นรายได้และทรัพย์สินมากมาย หากพัฒนาสิ่งที่ถนัดอย่างต่อเนื่อง จะเกิดความมั่นคงทั้งด้านการเงินและสังคม โอกาสความก้าวหน้าอยู่ในมือคุณ,
28.0,ด1,7.0,戊,午,เป็นคนซื่อสัตย์ รักษาคำพูด มีความเชื่อมั่นในตัวเอง ใจกว้าง สุภาพ เคารพผู้อื่น รอบคอบ มั่นคง น่าเชื่อถือ พูดตรงกับใจ ไม่เสแสร้ง มีศักดิ์ศรีและกตัญญู,,เป็นคนซื่อสัตย์ จงรักภักดี รักษาคำพูด มีความเชื่อมั่นในตัวเอง ใจกว้าง พึ่งพาได้ สุภาพ เคารพผู้อื่น รอบคอบ มั่นคง น่าเชื่อถือ พูดตรงกับใจ ไม่เสแสร้ง มีศักดิ์ศรีและกตัญญู ไม่ชอบเล่ห์เหลี่ยม เก็บความลับเก่ง พอใจกับสิ่งที่ตัวเองมี ชอบเก็บสะสม,คุณเป็นคนที่มีอารมณ์ร้อนและยากต่อการควบคุม จนอาจไม่มีใครอยากอยู่ใกล้ ควรหมั่นทบทวนตัวเอง และปรับมุมมองใหม่ ถ้าคุณเปลี่ยนทัศนคติ จะพบกับความรุ่งเรือง ควรหลีกเลี่ยงสภาพแวดล้อมที่เป็นพิษ และมองหาที่ที่สร้างพลังบวกให้กับใจของคุณ,ซื่อสัตย์ จริงใจ ไว้ใจได้ เคารพคนอื่น รอบคอบ มั่นคง พอใจในสิ่งที่มี แต่อารมณ์ร้อน ทำให้คนถอย ควรปรับมุมมองใหม่ ควรเลี่ยงคนหรือสภาพแวดล้อมที่แย่ ๆ แล้วหาสิ่งที่เติมพลังให้ใจแทน,กระฉับกระเฉง รักอิสระ ไม่ชอบการถูกบังคับ ตอบสนองไวต่อสิ่งเร้า ชอบมีสังคมเพื่อความมั่นใจ แต่ก็ต้องการพื้นที่ส่วนตัวในการปลดปล่อยพลังงาน เมื่อเริ่มต้นสิ่งใดแล้วมักหยุดยากหากยังมีแรงผลักดัน เป็นคนที่มีอารมณ์ร้อนและยากต่อการควบคุม จนอาจไม่มีใครอยากอยู่ใกล้ ควรหมั่นทบทวนตัวเอง และปรับมุมมองใหม่ ถ้าคุณเปลี่ยนทัศนคติ จะพบกับความรุ่งเรือง ควรหลีกเลี่ยงสภาพแวดล้อมที่เป็นพิษ และมองหาที่ที่สร้างพลังบวกให้กับใจของคุณ,
29.0,ด1,9.0,戊,申,เป็นคนซื่อสัตย์ รักษาคำพูด มีความเชื่อมั่นในตัวเอง ใจกว้าง สุภาพ เคารพผู้อื่น รอบคอบ มั่นคง น่าเชื่อถือ พูดตรงกับใจ ไม่เสแสร้ง มีศักดิ์ศรีและกตัญญู,,เป็นคนซื่อสัตย์ จงรักภักดี รักษาคำพูด มีความเชื่อมั่นในตัวเอง ใจกว้าง พึ่งพาได้ สุภาพ เคารพผู้อื่น รอบคอบ มั่นคง น่าเชื่อถือ พูดตรงกับใจ ไม่เสแสร้ง มีศักดิ์ศรีและกตัญญู ไม่ชอบเล่ห์เหลี่ยม เก็บความลับเก่ง พอใจกับสิ่งที่ตัวเองมี ชอบเก็บสะสม,คุณมีความพยายามสูง แม้จะท้อแต่ก็ไม่ยอมแพ้ อย่างไรก็ตามบางครั้งอาจล้มเลิกกลางทาง หากมีอคติในใจควรรีบปล่อยวาง และชำระใจให้ใสสะอาด ระยะเวลาคือสิ่งสำคัญ การวางแผนอย่างมีระบบจะช่วยให้คุณประสบความสำเร็จ ควรลด ละ เลิก สิ่งที่ไม่เป็นประโยชน์ และมุ่งมั่นกับสิ่งที่รักอย่างต่อเนื่อง,ซื่อสัตย์ จริงใจ ไว้ใจได้ เคารพคนอื่น รอบคอบ นิ่ง มั่นคง พอใจในสิ่งที่มี พยายามเก่ง แต่มักหมดไฟกลางทาง ควรเคลียร์ใจให้โล่ง วางแผนให้ดี ลดที่ทำให้ไขว้เขว มุ่งมั่นมากขึ้น จะเวิร์กกว่าเดิม,คล่องแคล่ว ว่องไว มีความอยากรู้อยากเห็นสูง รักการเรียนรู้และทดลองสิ่งใหม่ มักใช้วิธีคิดสร้างสรรค์ แฝงอารมณ์ขัน และสามารถใช้สิ่งรอบตัวให้เกิดประโยชน์ได้อย่างชาญฉลาด ไม่ชอบให้ใครมาล่วงล้ำพื้นที่ส่วนตัว มีความพยายามสูง แม้จะท้อแต่ก็ไม่ยอมแพ้ อย่างไรก็ตามบางครั้งอาจล้มเลิกกลางทาง หากมีอคติในใจควรรีบปล่อยวาง และชำระใจให้ใสสะอาด ระยะเวลาคือสิ่งสำคัญ การวางแผนอย่างมีระบบจะช่วยให้คุณประสบความสำเร็จ ควรลด ละ เลิก สิ่งที่ไม่เป็นประโยชน์ และมุ่งมั่นกับสิ่งที่รักอย่างต่อเนื่อง,
30.0,ด1,11.0,戊,戌,เป็นคนซื่อสัตย์ รักษาคำพูด มีความเชื่อมั่นในตัวเอง ใจกว้าง สุภาพ เคารพผู้อื่น รอบคอบ มั่นคง น่าเชื่อถือ พูดตรงกับใจ ไม่เสแสร้ง มีศักดิ์ศรีและกตัญญู,,เป็นคนซื่อสัตย์ จงรักภักดี รักษาคำพูด มีความเชื่อมั่นในตัวเอง ใจกว้าง พึ่งพาได้ สุภาพ เคารพผู้อื่น รอบคอบ มั่นคง น่าเชื่อถือ พูดตรงกับใจ ไม่เสแสร้ง มีศักดิ์ศรีและกตัญญู ไม่ชอบเล่ห์เหลี่ยม เก็บความลับเก่ง พอใจกับสิ่งที่ตัวเองมี ชอบเก็บสะสม,คุณเป็นคนมีคุณค่า แม้จะเติบโตในสภาพแวดล้อมที่ไม่เอื้ออำนวย แต่ก็เปี่ยมด้วยประโยชน์และเป็นที่พึ่งให้กับคนอื่นได้ดี ระวังการถูกใส่ร้ายหรือเข้าใจผิด การริเริ่มสิ่งใหม่ควรทำแบบค่อยเป็นค่อยไป ความพากเพียรและมานะของคุณจะนำไปสู่ความมั่งคั่งและสำเร็จในที่สุด,ซื่อสัตย์ จริงใจ ไว้ใจได้ เคารพคนอื่น รอบคอบ นิ่ง มั่นคง พอใจในสิ่งที่มี แม้เติบโตมาลำบาก แต่มีแรงสู้ เป็นที่พึ่งให้คนอื่นได้ ระวังการถูกเข้าใจผิด ทำอะไรใหม่ ๆ ให้ค่อยเป็นค่อยไป อย่าหยุดพยายาม แล้วผลลัพธ์จะตามมาเอง,จงรักภักดี ซื่อสัตย์ ชัดเจนในความสัมพันธ์ พร้อมปกป้องคนที่รัก สื่อสารตรงไปตรงมา และใช้สัญชาตญาณในการแยกแยะความรู้สึกของผู้คน รักษาระเบียบในกลุ่ม และยึดถือความสัมพันธ์แบบมีลำดับขั้น เป็นคนมีคุณค่า แม้จะเติบโตในสภาพแวดล้อมที่ไม่เอื้ออำนวย แต่ก็เปี่ยมด้วยประโยชน์และเป็นที่พึ่งให้กับคนอื่นได้ดี ระวังการถูกใส่ร้ายหรือเข้าใจผิด การริเริ่มสิ่งใหม่ควรทำแบบค่อยเป็นค่อยไป ความพากเพียรและมานะของคุณจะนำไปสู่ความมั่งคั่งและสำเร็จในที่สุด,
31.0,ด2,2.0,己,丑,เป็นคนซื่อสัตย์ รักษาคำพูด มีความเชื่อมั่นในตัวเอง ใจกว้าง สุภาพ เคารพผู้อื่น รอบคอบ มั่นคง น่าเชื่อถือ พูดตรงกับใจ ไม่เสแสร้ง มีศักดิ์ศรีและกตัญญู,เป็นคนขยัน ทำหลายอย่างได้พร้อมกัน มีความคิดสร้างสรรค์ ปรับตัวเก่ง ใจดี รู้จักแบ่งปัน ใช้ทรัพยากรได้ดี เข้าใจทั้งทางโลกและทางธรรม สงบ นิ่ง เป็นมิตรกับคนรอบข้าง,เป็นคนซื่อสัตย์ น่าเชื่อถือ รอบคอบ จริงใจ สงบ นิ่ง ไม่เสแสร้ง กตัญญู ชอบแบ่งปัน สุภาพ เป็นมิตร ขยัน มั่นใจ ทำหลายอย่างได้พร้อมกัน มีความคิดสร้างสรรค์ ปรับตัวเก่ง ใช้ทรัพยากรได้ดี เข้าใจทั้งโลกและธรรม,คุณเป็นคนมั่นใจในตัวเองมาก บางครั้งไม่เปิดใจฟังผู้อื่น และอาจแสดงออกถึงความเย่อหยิ่งโดยไม่รู้ตัว ควรลดทิฐิและปล่อยวางความคิดเดิม ๆ เพราะความยึดติดอาจทำให้คนรอบข้างตีตัวออกห่าง หากคุณเริ่มต้นจากสิ่งที่ถูกต้องและยึดหลักคุณธรรม จะสามารถสร้างความมั่นคงและความเจริญในชีวิตได้,ซื่อสัตย์ น่าเชื่อถือ เป็นมิตร ขยัน รอบคอบ ปรับตัวเก่ง สร้างสรรค์ ทำงานหลายอย่างพร้อมกันได้ เข้าใจโลก มั่นใจ แต่อาจมากไปอาจดูเยอะโดยไม่รู้ตัว ลองเปิดใจรับมุมมองใหม่ ลดทิฐิ จะทำให้คนอยากอยู่ใกล้มากขึ้น,สุขุม อดทน เดินหน้าอย่างมั่นคง ไม่เร่งรีบ รักความสงบและไม่ชอบความขัดแย้ง ชอบอยู่ร่วมกับคนที่ไว้ใจได้ มีระเบียบในชีวิตประจำวัน และมักใช้ชีวิตแบบเดิมซ้ำ ๆ แต่หากถูกรบกวนมากเกินไป อาจแสดงอารมณ์รุนแรงได้ เป็นคนมั่นใจในตัวเองมาก บางครั้งไม่เปิดใจฟังผู้อื่น และอาจแสดงออกถึงความเย่อหยิ่งโดยไม่รู้ตัว ควรลดทิฐิและปล่อยวางความคิดเดิม ๆ เพราะความยึดติดอาจทำให้คนรอบข้างตีตัวออกห่าง หากคุณเริ่มต้นจากสิ่งที่ถูกต้องและยึดหลักคุณธรรม จะสามารถสร้างความมั่นคงและความเจริญในชีวิตได้,
32.0,ด2,4.0,己,卯,เป็นคนซื่อสัตย์ รักษาคำพูด มีความเชื่อมั่นในตัวเอง ใจกว้าง สุภาพ เคารพผู้อื่น รอบคอบ มั่นคง น่าเชื่อถือ พูดตรงกับใจ ไม่เสแสร้ง มีศักดิ์ศรีและกตัญญู,,เป็นคนซื่อสัตย์ น่าเชื่อถือ รอบคอบ จริงใจ สงบ นิ่ง ไม่เสแสร้ง กตัญญู ชอบแบ่งปัน สุภาพ เป็นมิตร ขยัน มั่นใจ ทำหลายอย่างได้พร้อมกัน มีความคิดสร้างสรรค์ ปรับตัวเก่ง ใช้ทรัพยากรได้ดี เข้าใจทั้งโลกและธรรม,ความอ่อนน้อมถ่อมตนคือจุดแข็งของคุณ ซึ่งจะนำพาชีวิตไปสู่ความเจริญทั้งทางตรงและทางอ้อม การอดทนและขยันหมั่นเพียรทำสิ่งเดิมอย่างตั้งใจ แม้เป้าหมายจะดูห่างไกล แต่หากมีความมุ่งมั่นไม่ย่อท้อ ความสำเร็จก็อยู่ไม่ไกลเกินเอื้อม,ซื่อสัตย์ น่าเชื่อถือ เป็นมิตร ขยัน มั่นใจ รอบคอบ ปรับตัวเก่ง สร้างสรรค์ ทำงานหลายอย่างพร้อมกันได้ เข้าใจโลก ความอ่อนน้อมถ่อมตนคือพลัง ถึงแม้เป้าหมายดูไกล แต่ถ้ามั่งคงเดินไป ยังไงก็ถึง,ระมัดระวังสูง ไวต่อสิ่งรอบตัว มักตอบสนองเร็วต่อเสียงหรือสถานการณ์ผิดปกติ ทำอะไรเงียบและรวดเร็ว ไม่ชอบอยู่ในที่โล่งแจ้งหรือเสี่ยงภัย และมักถอยหนีทันทีเมื่อรู้สึกไม่ปลอดภัย ความอ่อนน้อมถ่อมตนคือจุดแข็งของคุณ ซึ่งจะนำพาชีวิตไปสู่ความเจริญทั้งทางตรงและทางอ้อม การอดทนและขยันหมั่นเพียรทำสิ่งเดิมอย่างตั้งใจ แม้เป้าหมายจะดูห่างไกล แต่หากมีความมุ่งมั่นไม่ย่อท้อ ความสำเร็จก็อยู่ไม่ไกลเกินเอื้อม,
33.0,ด2,6.0,己,巳,เป็นคนซื่อสัตย์ รักษาคำพูด มีความเชื่อมั่นในตัวเอง ใจกว้าง สุภาพ เคารพผู้อื่น รอบคอบ มั่นคง น่าเชื่อถือ พูดตรงกับใจ ไม่เสแสร้ง มีศักดิ์ศรีและกตัญญู,,เป็นคนซื่อสัตย์ น่าเชื่อถือ รอบคอบ จริงใจ สงบ นิ่ง ไม่เสแสร้ง กตัญญู ชอบแบ่งปัน สุภาพ เป็นมิตร ขยัน มั่นใจ ทำหลายอย่างได้พร้อมกัน มีความคิดสร้างสรรค์ ปรับตัวเก่ง ใช้ทรัพยากรได้ดี เข้าใจทั้งโลกและธรรม,คุณมีจิตใจเมตตา รักการช่วยเหลือผู้อื่น แต่ควรระวังการยื่นมือช่วยเหลือจนตนเองเดือดร้อน การใช้ชีวิตแบบอิสระเกินไปอาจนำความลำบากมาสู่ตัวเอง ควรกำหนดเป้าหมายให้ชัดเจน และโฟกัสกับสิ่งที่สำคัญเพียงหนึ่งอย่าง หากทำได้ คุณจะประสบผลสำเร็จอย่างแท้จริง,ซื่อสัตย์ น่าเชื่อถือ เป็นมิตร ขยัน มั่นใจ รอบคอบ ปรับตัวเก่ง สร้างสรรค์ ทำงานหลายอย่างพร้อมกันได้ เข้าใจโลก ระวังการช่วยเหลือที่ทำให้ตัวเองลำบาก โฟกัสให้ชัด ทำสิ่งสำคัญให้เต็มที่ แล้วความสำเร็จจะตามมาเอง,เงียบ ขรึม และสุขุม มักใช้เวลาสังเกตก่อนลงมือ เคลื่อนไหวช้าแต่แม่นยำและรวดเร็วเมื่อจำเป็น ไวต่อสภาพแวดล้อมและอารมณ์รอบตัว ชอบอยู่ในที่สงบ ไม่วุ่นวาย และสามารถฟื้นตัวจากปัญหาได้ดีเมื่อมีเวลา มีจิตใจเมตตา รักการช่วยเหลือผู้อื่น แต่ควรระวังการยื่นมือช่วยเหลือจนตนเองเดือดร้อน การใช้ชีวิตแบบอิสระเกินไปอาจนำความลำบากมาสู่ตัวเอง ควรกำหนดเป้าหมายให้ชัดเจน และโฟกัสกับสิ่งที่สำคัญเพียงหนึ่งอย่าง หากทำได้ คุณจะประสบผลสำเร็จอย่างแท้จริง,
34.0,ด2,8.0,己,未,เป็นคนซื่อสัตย์ รักษาคำพูด มีความเชื่อมั่นในตัวเอง ใจกว้าง สุภาพ เคารพผู้อื่น รอบคอบ มั่นคง น่าเชื่อถือ พูดตรงกับใจ ไม่เสแสร้ง มีศักดิ์ศรีและกตัญญู,,เป็นคนซื่อสัตย์ น่าเชื่อถือ รอบคอบ จริงใจ สงบ นิ่ง ไม่เสแสร้ง กตัญญู ชอบแบ่งปัน สุภาพ เป็นมิตร ขยัน มั่นใจ ทำหลายอย่างได้พร้อมกัน มีความคิดสร้างสรรค์ ปรับตัวเก่ง ใช้ทรัพยากรได้ดี เข้าใจทั้งโลกและธรรม,คุณเป็นคนทรงคุณค่า มีความรู้ที่สามารถนำไปต่อยอดได้จริง หากนำความรู้จากอดีตมาประยุกต์ให้เข้ากับยุคปัจจุบัน จะเกิดประโยชน์อย่างมาก ไม่เพียงกับตัวคุณเอง แต่ยังรวมถึงคนในชุมชนด้วย ผลจากความพยายามของคุณจะนำมาซึ่งความสำเร็จและความมั่นคง,ซื่อสัตย์ น่าเชื่อถือ เป็นมิตร ขยัน มั่นใจ รอบคอบ ปรับตัวเก่ง สร้างสรรค์ ทำงานหลายอย่างพร้อมกันได้ เข้าใจโลก ความรู้ในอดีต ถ้าเอามาใช้ให้เข้ายุค จะสร้างผลลัพธ์ดีทั้งกับตัวเองและคนรอบข้างแบบยั่งยืน,อ่อนโยน ชอบอยู่ร่วมกับผู้อื่นเพื่อความสบายใจ บางครั้งก็ชอบความเป็นส่วนตัว มักไม่แสดงอารมณ์ชัดเจน ชอบสิ่งแวดล้อมที่ปลอดภัยและสงบ เข้าใจความรู้สึกของคนรอบข้าง และใช้การสังเกตอย่างเงียบ ๆ แทนการเผชิญหน้า เป็นคนทรงคุณค่า มีความรู้ที่สามารถนำไปต่อยอดได้จริง หากนำความรู้จากอดีตมาประยุกต์ให้เข้ากับยุคปัจจุบัน จะเกิดประโยชน์อย่างมาก ไม่เพียงกับตัวคุณเอง แต่ยังรวมถึงคนในชุมชนด้วย ผลจากความพยายามของคุณจะนำมาซึ่งความสำเร็จและความมั่นคง,
35.0,ด2,10.0,己,酉,เป็นคนซื่อสัตย์ รักษาคำพูด มีความเชื่อมั่นในตัวเอง ใจกว้าง สุภาพ เคารพผู้อื่น รอบคอบ มั่นคง น่าเชื่อถือ พูดตรงกับใจ ไม่เสแสร้ง มีศักดิ์ศรีและกตัญญู,,เป็นคนซื่อสัตย์ น่าเชื่อถือ รอบคอบ จริงใจ สงบ นิ่ง ไม่เสแสร้ง กตัญญู ชอบแบ่งปัน สุภาพ เป็นมิตร ขยัน มั่นใจ ทำหลายอย่างได้พร้อมกัน มีความคิดสร้างสรรค์ ปรับตัวเก่ง ใช้ทรัพยากรได้ดี เข้าใจทั้งโลกและธรรม,คุณเป็นคนเก่ง ปรับตัวเก่ง และได้รับการยอมรับจากสังคม มีความอ่อนโยนและชอบฟังมากกว่าพูด แม้บางคนอาจมองว่าคุณเฉยชา แต่แท้จริงแล้วคุณมีความตั้งใจสูง ถ้าคุณยิ้มแย้มและเปิดใจให้มากขึ้น จะช่วยให้คนรอบข้างเข้าใจคุณได้ดีขึ้น,ซื่อสัตย์ น่าเชื่อถือ เป็นมิตร ขยัน มั่นใจ รอบคอบ ปรับตัวเก่ง สร้างสรรค์ ทำงานหลายอย่างพร้อมกันได้ เข้าใจโลก เก่งและตั้งใจสูง แต่หลายคนอาจมองว่าคุณเงียบ ถ้ายิ้มบ่อยขึ้น เปิดใจมากขึ้น จะทำให้คนเข้าใจคุณมากกว่าเดิม,ตรงต่อเวลา รู้บทบาทหน้าที่ของตนเองชัดเจน ยึดหลักลำดับขั้นในสังคม ใส่ใจพื้นที่ส่วนตัวและคนใกล้ชิด ชอบจัดระเบียบชีวิตประจำวัน และไวต่อสิ่งรบกวนหรือความไม่เรียบร้อยรอบตัว มักกระตุ้นให้คนอื่นทำงานอย่างที่ตัวเองหวัง เป็นคนเก่ง ปรับตัวเก่ง และได้รับการยอมรับจากสังคม มีความอ่อนโยนและชอบฟังมากกว่าพูด แม้บางคนอาจมองว่าคุณเฉยชา แต่แท้จริงแล้วคุณมีความตั้งใจสูง ถ้าคุณยิ้มแย้มและเปิดใจให้มากขึ้น จะช่วยให้คนรอบข้างเข้าใจคุณได้ดีขึ้น,
36.0,ด2,12.0,己,亥,เป็นคนซื่อสัตย์ รักษาคำพูด มีความเชื่อมั่นในตัวเอง ใจกว้าง สุภาพ เคารพผู้อื่น รอบคอบ มั่นคง น่าเชื่อถือ พูดตรงกับใจ ไม่เสแสร้ง มีศักดิ์ศรีและกตัญญู,,เป็นคนซื่อสัตย์ น่าเชื่อถือ รอบคอบ จริงใจ สงบ นิ่ง ไม่เสแสร้ง กตัญญู ชอบแบ่งปัน สุภาพ เป็นมิตร ขยัน มั่นใจ ทำหลายอย่างได้พร้อมกัน มีความคิดสร้างสรรค์ ปรับตัวเก่ง ใช้ทรัพยากรได้ดี เข้าใจทั้งโลกและธรรม,คุณมีคุณค่าในแบบของตัวเอง ไม่จำเป็นต้องเปรียบเทียบหรือแข่งขันกับใคร ขอเพียงคุณไม่ละทิ้งเป้าหมาย และลงมือทำอย่างต่อเนื่อง ผลลัพธ์ที่ได้จะคุ้มค่าเสมอ อย่าหยุดกลางคัน และงดเว้นการทำอะไรเพียงผิวเผิน คิดให้ชัด ทำให้จริง คุณจะเติบโตตามศักยภาพของตัวเอง,ซื่อสัตย์ น่าเชื่อถือ เป็นมิตร ขยัน มั่นใจ รอบคอบ ปรับตัวเก่ง สร้างสรรค์ ทำงานหลายอย่างพร้อมกันได้ เข้าใจโลก อย่าเปรียบเทียบตัวเองกับใคร แค่ไม่ล้มเลิก ลงมือจริงจัง คิดให้ชัด ทำให้จริง คุณจะเติบโตไปได้อีกมาก,ใจเย็น เฉื่อยชา นอนมาก ชอบขุดคุ้ยเรื่องเก่า ๆ รักความเรียบง่าย ชอบใช้ชีวิตสบาย ๆ ในสิ่งแวดล้อมที่ปลอดภัย มีความละเอียดในสิ่งเล็ก ๆ แม้ดูเงียบเฉย แต่มีสัมผัสไวต่อความรู้สึก และหลีกเลี่ยงสถานการณ์ที่เสียงดังหรือวุ่นวาย มีคุณค่าในแบบของตัวเอง ไม่จำเป็นต้องเปรียบเทียบหรือแข่งขันกับใคร ขอเพียงคุณไม่ละทิ้งเป้าหมาย และลงมือทำอย่างต่อเนื่อง ผลลัพธ์ที่ได้จะคุ้มค่าเสมอ อย่าหยุดกลางคัน และงดเว้นการทำอะไรเพียงผิวเผิน คิดให้ชัด ทำให้จริง คุณจะเติบโตตามศักยภาพของตัวเอง,
37.0,ท1,1.0,庚,子,เป็นคนรักความยุติธรรม กล้าหาญ เด็ดขาด ใช้เหตุผล มีหลักการ ชอบความถูกต้อง ไม่โกง มีศักดิ์ศรี ใจกว้าง และไม่คิดเล็กคิดน้อย,เป็นคนรักความยุติธรรม มีความรับผิดชอบ ชัดเจน แข็งแกร่ง อดทนเก่ง มีแผนการ ชอบความท้าทาย กล้าสู้ กล้าเสี่ยง เปิดเผย และไม่ยอมแพ้ต่ออุปสรรคจนกว่าจะถึงเป้าหมาย,เป็นคนรักความยุติธรรม มีความรับผิดชอบ กล้าหาญ เด็ดขาด ชัดเจน ใช้เหตุผล มีหลักการ ชอบความถูกต้อง ไม่โกง มีศักดิ์ศรี ใจกว้าง และไม่คิดเล็กคิดน้อย ชอบความท้าทาย กล้าสู้ กล้าเสี่ยง เปิดเผย และไม่ยอมแพ้ต่ออุปสรรคจนกว่าจะถึงเป้าหมาย,คุณมั่นใจในตัวเอง แต่บางครั้งก็เอาแต่ใจ และไม่ยอมฟังคำเตือนจากผู้อื่น ควรตั้งเป้าหมายเป็นขั้นตอน เริ่มจากสิ่งเล็ก ๆ แล้วขยับขยายอย่างมีแผน ความมั่นใจเป็นสิ่งดี แต่ถ้าเกินไปอาจทำให้เสียโอกาส ต้องระวังความขี้เกียจและการเชื่อคนง่าย,รักความยุติธรรม เด็ดขาด มีเหตุผล กล้าสู้ กล้าเสี่ยง ไม่ยอมแพ้ ใจกว้าง ไม่คิดเล็กคิดน้อย ชัดเจน รับผิดชอบจนถึงเป้าหมาย แต่อาจมั่นใจจนดื้อได้ ควรฟังคนอื่น ทำอะไรค่อยเป็นค่อยไป ระวังการเชื่อคนง่ายและความขี้เกียจ,เคลื่อนไหวไว ไหวพริบดี มักระวังตัวและไม่ประมาท ชอบสังเกตและจับจังหวะก่อนลงมือ ชินกับการทำงานหรือใช้ชีวิตในช่วงกลางคืน รู้จักเลือกอยู่ในที่ที่ปลอดภัย และมีนิสัยชอบสะสมหรือเตรียมสำรองไว้ล่วงหน้าเสมอ มั่นใจในตัวเอง แต่บางครั้งก็เอาแต่ใจ และไม่ยอมฟังคำเตือนจากผู้อื่น ควรตั้งเป้าหมายเป็นขั้นตอน เริ่มจากสิ่งเล็ก ๆ แล้วขยับขยายอย่างมีแผน ความมั่นใจเป็นสิ่งดี แต่ถ้าเกินไปอาจทำให้เสียโอกาส ต้องระวังความขี้เกียจและการเชื่อคนง่าย,
38.0,ท1,3.0,庚,寅,เป็นคนรักความยุติธรรม กล้าหาญ เด็ดขาด ใช้เหตุผล มีหลักการ ชอบความถูกต้อง ไม่โกง มีศักดิ์ศรี ใจกว้าง และไม่คิดเล็กคิดน้อย,,เป็นคนรักความยุติธรรม มีความรับผิดชอบ กล้าหาญ เด็ดขาด ชัดเจน ใช้เหตุผล มีหลักการ ชอบความถูกต้อง ไม่โกง มีศักดิ์ศรี ใจกว้าง และไม่คิดเล็กคิดน้อย ชอบความท้าทาย กล้าสู้ กล้าเสี่ยง เปิดเผย และไม่ยอมแพ้ต่ออุปสรรคจนกว่าจะถึงเป้าหมาย,คุณเป็นคนมีความมั่นใจสูง ยึดมั่นในความคิดของตัวเอง แต่ก็มีจิตใจเมตตา พร้อมช่วยเหลือผู้อื่น อย่างไรก็ตาม ควรระวังคนใกล้ตัวที่อาจนำปัญหามาให้ ความไว้ใจที่มากเกินไป โดยไม่ไตร่ตรองให้รอบด้าน อาจทำให้คุณเสียหายได้ ควรเปิดใจฟังหลายมุม และใช้วิจารณญาณให้ดี,รักความยุติธรรม เด็ดขาด มีเหตุผล กล้าสู้ กล้าเสี่ยง ไม่ยอมแพ้ ใจกว้าง ไม่คิดเล็กคิดน้อย ชัดเจน รับผิดชอบจนถึงเป้าหมาย มั่นใจสูง มีความคิดเป็นของตัวเอง แต่ควรฟังหลายมุมไว้บ้าง ระวังคนใกล้ตัวที่หวังผล จะช่วยใครต้องดูให้ดี,รักอิสระ มักทำงานคนเดียว ไม่ชอบพึ่งพาผู้อื่น เงียบขรึมแต่ลงมืออย่างแม่นยำ รักพื้นที่ส่วนตัวและไม่ยอมให้ใครล้ำเส้น ใช้พลังเฉพาะเมื่อจำเป็น ไม่แสดงออกเกินเหตุ และมักไม่ไว้ใจสิ่งแปลกหน้าหรือคนที่ไม่คุ้นเคย เป็นคนมีความมั่นใจสูง ยึดมั่นในความคิดของตัวเอง แต่ก็มีจิตใจเมตตา พร้อมช่วยเหลือผู้อื่น อย่างไรก็ตาม ควรระวังคนใกล้ตัวที่อาจนำปัญหามาให้ ความไว้ใจที่มากเกินไป โดยไม่ไตร่ตรองให้รอบด้าน อาจทำให้คุณเสียหายได้ ควรเปิดใจฟังหลายมุม และใช้วิจารณญาณให้ดี,
39.0,ท1,5.0,庚,辰,เป็นคนรักความยุติธรรม กล้าหาญ เด็ดขาด ใช้เหตุผล มีหลักการ ชอบความถูกต้อง ไม่โกง มีศักดิ์ศรี ใจกว้าง และไม่คิดเล็กคิดน้อย,,เป็นคนรักความยุติธรรม มีความรับผิดชอบ กล้าหาญ เด็ดขาด ชัดเจน ใช้เหตุผล มีหลักการ ชอบความถูกต้อง ไม่โกง มีศักดิ์ศรี ใจกว้าง และไม่คิดเล็กคิดน้อย ชอบความท้าทาย กล้าสู้ กล้าเสี่ยง เปิดเผย และไม่ยอมแพ้ต่ออุปสรรคจนกว่าจะถึงเป้าหมาย,คุณกล้าแสดงออก มีความมั่นใจสูง และพูดตรงไปตรงมา แต่บางครั้งทำให้คนรอบข้างรู้สึกอึดอัด หากผ่อนอารมณ์ลงบ้าง จะทำให้คุณเข้าใจผู้อื่นและได้รับมิตรภาพที่ดี ความกล้าได้กล้าเสียของคุณจะนำผลลัพธ์ที่ดีมาให้ หากคุณคิดอย่างรอบคอบและเปิดใจให้กว้างขึ้น,รักความยุติธรรม เด็ดขาด มีเหตุผล กล้าสู้ กล้าเสี่ยง ไม่ยอมแพ้ ใจกว้าง ไม่คิดเล็กคิดน้อย ชัดเจน รับผิดชอบจนถึงเป้าหมาย กล้าพูด แต่อาจทำบางคนอึดอัด ปรับลงบ้างจะได้มิตรเพิ่ม ถ้าเปิดใจให้กว้าง จะเจอโอกาสดี ๆ ได้,เปี่ยมด้วยพลังที่หลากหลาย มีความสามารถรอบด้าน มักแสดงออกอย่างโดดเด่นและน่าเกรงขาม บุคลิกสง่างามและลึกลับ มีพลังในการเปลี่ยนแปลงสิ่งรอบตัวได้เหมือนควบคุมธรรมชาติ และอารมณ์เปลี่ยนแปลงรวดเร็ว ยากจะคาดเดา กล้าแสดงออก มีความมั่นใจสูง และพูดตรงไปตรงมา แต่บางครั้งทำให้คนรอบข้างรู้สึกอึดอัด หากผ่อนอารมณ์ลงบ้าง จะทำให้คุณเข้าใจผู้อื่นและได้รับมิตรภาพที่ดี ความกล้าได้กล้าเสียของคุณจะนำผลลัพธ์ที่ดีมาให้ หากคุณคิดอย่างรอบคอบและเปิดใจให้กว้างขึ้น,
40.0,ท1,7.0,庚,午,เป็นคนรักความยุติธรรม กล้าหาญ เด็ดขาด ใช้เหตุผล มีหลักการ ชอบความถูกต้อง ไม่โกง มีศักดิ์ศรี ใจกว้าง และไม่คิดเล็กคิดน้อย,,เป็นคนรักความยุติธรรม มีความรับผิดชอบ กล้าหาญ เด็ดขาด ชัดเจน ใช้เหตุผล มีหลักการ ชอบความถูกต้อง ไม่โกง มีศักดิ์ศรี ใจกว้าง และไม่คิดเล็กคิดน้อย ชอบความท้าทาย กล้าสู้ กล้าเสี่ยง เปิดเผย และไม่ยอมแพ้ต่ออุปสรรคจนกว่าจะถึงเป้าหมาย,คุณมีคุณค่า แต่บ่อยครั้งกลับถูกมองเป็นเพียงคนที่ถูกเรียกใช้เมื่อมีปัญหา และถูกลืมเมื่องานจบ ความสามารถของคุณโดดเด่น แต่ควรระวังความเย่อหยิ่งที่อาจทำให้เสียโอกาสดี ๆ ใช้ความรู้ในทางที่ถูกต้อง จะทำให้คุณเจริญก้าวหน้า ควรระวังคำพูดหวานจากคนที่ไม่จริงใจ,รักความยุติธรรม เด็ดขาด มีเหตุผล กล้าสู้ กล้าเสี่ยง ไม่ยอมแพ้ ใจกว้าง ไม่คิดเล็กคิดน้อย ชัดเจน รับผิดชอบจนถึงเป้าหมาย คนมักมาพึ่งพาแต่มักถูกลืม คุณโดดเด่น แต่ระวังอีโก้ที่เกินไป คำหวานจากคนไม่จริงใจอาจทำให้พลาด,กระฉับกระเฉง รักอิสระ ไม่ชอบการถูกบังคับ ตอบสนองไวต่อสิ่งเร้า ชอบมีสังคมเพื่อความมั่นใจ แต่ก็ต้องการพื้นที่ส่วนตัวในการปลดปล่อยพลังงาน เมื่อเริ่มต้นสิ่งใดแล้วมักหยุดยากหากยังมีแรงผลักดัน มีคุณค่า แต่บ่อยครั้งกลับถูกมองเป็นเพียงคนที่ถูกเรียกใช้เมื่อมีปัญหา และถูกลืมเมื่องานจบ ความสามารถของคุณโดดเด่น แต่ควรระวังความเย่อหยิ่งที่อาจทำให้เสียโอกาสดี ๆ ใช้ความรู้ในทางที่ถูกต้อง จะทำให้คุณเจริญก้าวหน้า ควรระวังคำพูดหวานจากคนที่ไม่จริงใจ,
41.0,ท1,9.0,庚,申,เป็นคนรักความยุติธรรม กล้าหาญ เด็ดขาด ใช้เหตุผล มีหลักการ ชอบความถูกต้อง ไม่โกง มีศักดิ์ศรี ใจกว้าง และไม่คิดเล็กคิดน้อย,,เป็นคนรักความยุติธรรม มีความรับผิดชอบ กล้าหาญ เด็ดขาด ชัดเจน ใช้เหตุผล มีหลักการ ชอบความถูกต้อง ไม่โกง มีศักดิ์ศรี ใจกว้าง และไม่คิดเล็กคิดน้อย ชอบความท้าทาย กล้าสู้ กล้าเสี่ยง เปิดเผย และไม่ยอมแพ้ต่ออุปสรรคจนกว่าจะถึงเป้าหมาย,คุณเป็นคนขยัน อดทน และพยายามอย่างมากเพื่อความสำเร็จ แม้จะมาจากครอบครัวที่ไม่มั่นคง แต่คุณไม่ยอมแพ้ พร้อมลุกขึ้นสู้ด้วยตัวเอง การลงมือทำอย่างเป็นขั้นตอน มีแผน และไม่หยุดพัฒนา จะทำให้คุณได้รับผลตอบแทนที่คุ้มค่า และมีคนดีคอยช่วยเหลือเสมอ,รักความยุติธรรม เด็ดขาด มีเหตุผล กล้าสู้ กล้าเสี่ยง ใจกว้าง ไม่คิดเล็กคิดน้อย ชัดเจน รับผิดชอบจนถึงเป้าหมาย ผ่านเรื่องยากมาเยอะ แต่คุณไม่ยอมแพ้ แผนที่ดี และการพัฒนาอย่างต่อเนื่อง จะได้รับผลตอบแทนที่คุ้มค่า,คล่องแคล่ว ว่องไว มีความอยากรู้อยากเห็นสูง รักการเรียนรู้และทดลองสิ่งใหม่ มักใช้วิธีคิดสร้างสรรค์ แฝงอารมณ์ขัน และสามารถใช้สิ่งรอบตัวให้เกิดประโยชน์ได้อย่างชาญฉลาด ไม่ชอบให้ใครมาล่วงล้ำพื้นที่ส่วนตัว เป็นคนขยัน อดทน และพยายามอย่างมากเพื่อความสำเร็จ แม้จะมาจากครอบครัวที่ไม่มั่นคง แต่คุณไม่ยอมแพ้ พร้อมลุกขึ้นสู้ด้วยตัวเอง การลงมือทำอย่างเป็นขั้นตอน มีแผน และไม่หยุดพัฒนา จะทำให้คุณได้รับผลตอบแทนที่คุ้มค่า และมีคนดีคอยช่วยเหลือเสมอ,
42.0,ท1,11.0,庚,戌,เป็นคนรักความยุติธรรม กล้าหาญ เด็ดขาด ใช้เหตุผล มีหลักการ ชอบความถูกต้อง ไม่โกง มีศักดิ์ศรี ใจกว้าง และไม่คิดเล็กคิดน้อย,,เป็นคนรักความยุติธรรม มีความรับผิดชอบ กล้าหาญ เด็ดขาด ชัดเจน ใช้เหตุผล มีหลักการ ชอบความถูกต้อง ไม่โกง มีศักดิ์ศรี ใจกว้าง และไม่คิดเล็กคิดน้อย ชอบความท้าทาย กล้าสู้ กล้าเสี่ยง เปิดเผย และไม่ยอมแพ้ต่ออุปสรรคจนกว่าจะถึงเป้าหมาย,คุณมีคุณค่าในตัวเอง แต่บางครั้งยึดมั่นในศักดิ์ศรีมากเกินไป อาจทำให้คนอื่นมองว่าดื้อหรือล้าสมัย ควรเปิดใจ ปรับตัวให้ทันยุค และยอมรับความรู้ใหม่ ๆ ความรู้เดิมหากนำมาพัฒนาให้เข้ากับปัจจุบัน จะยิ่งเสริมให้คุณเป็นที่ยอมรับมากขึ้นในสังคม,รักความยุติธรรม เด็ดขาด มีเหตุผล กล้าสู้ กล้าเสี่ยง ไม่ยอมแพ้ ใจกว้าง ไม่คิดเล็กคิดน้อย ชัดเจน รับผิดชอบจนถึงเป้าหมาย ยึดศักดิ์ศรีมากไปอาจดูดื้อ เปิดใจรับความรู้ใหม่ แล้วต่อยอดจากสิ่งที่มี จะยิ่งทำให้เป็นที่ยอมรับ,จงรักภักดี ซื่อสัตย์ ชัดเจนในความสัมพันธ์ พร้อมปกป้องคนที่รัก สื่อสารตรงไปตรงมา และใช้สัญชาตญาณในการแยกแยะความรู้สึกของผู้คน รักษาระเบียบในกลุ่ม และยึดถือความสัมพันธ์แบบมีลำดับขั้น มีคุณค่าในตัวเอง แต่บางครั้งยึดมั่นในศักดิ์ศรีมากเกินไป อาจทำให้คนอื่นมองว่าดื้อหรือล้าสมัย ควรเปิดใจ ปรับตัวให้ทันยุค และยอมรับความรู้ใหม่ ๆ ความรู้เดิมหากนำมาพัฒนาให้เข้ากับปัจจุบัน จะยิ่งเสริมให้คุณเป็นที่ยอมรับมากขึ้นในสังคม,
43.0,ท2,2.0,辛,丑,เป็นคนรักความยุติธรรม กล้าหาญ เด็ดขาด ใช้เหตุผล มีหลักการ ชอบความถูกต้อง ไม่โกง มีศักดิ์ศรี ใจกว้าง และไม่คิดเล็กคิดน้อย,ให้ความสำคัญกับภาพลักษณ์ ชอบแต่งตัวดี มีรสนิยม พูดจาดี ฉลาด มีไหวพริบ จริงใจ รับฟังเหตุผล วางแผนเก่ง รักศิลปะ เทคโนโลยี และชอบเป็นจุดสนใจ ถ้าไม่ได้รับความสนใจ อาจสร้างสถานการณ์ให้ตัวเองโดดเด่นขึ้นมาได้,รักความยุติธรรม กล้าหาญ เด็ดขาด มีเหตุผลและหลักการ ชอบความถูกต้อง จริงใจ ไม่คิดเล็กน้อย ให้ความสำคัญกับภาพลักษณ์ มีรสนิยม พูดจาดี ฉลาด มีไหวพริบ วางแผนเก่ง รักศิลปะ เทคโนโลยี ชอบเป็นจุดสนใจ อาจสร้างสถานการณ์ให้ตัวเองโดดเด่น,คุณอาจรู้สึกไม่มั่นใจ และตัดสินใจผิดพลาดบ่อยครั้ง เพราะขาดความชัดเจนในใจหรือได้รับคำแนะนำที่ไม่ถูกต้อง ควรศึกษาข้อมูลให้ลึกซึ้งก่อนลงมือ และหาคนที่ไว้ใจได้ไว้ปรึกษา อย่าทำอะไรโดยไม่คิด เพราะอาจนำไปสู่ความเสียใจและความผิดหวัง,รักความยุติธรรม ชัดเจน มีเหตุผล จริงใจ ฉลาด ไหวพริบดี ชอบโดดเด่น และใส่ใจภาพลักษณ์ ไม่มั่นใจเพราะตัดสินใจพลาดบ่อย ควรปรึกษาคนที่ไว้ใจได้ อย่าทำอะไรเร็วเกินไป คิดให้รอบคอบก่อน,สุขุม อดทน เดินหน้าอย่างมั่นคง ไม่เร่งรีบ รักความสงบและไม่ชอบความขัดแย้ง ชอบอยู่ร่วมกับคนที่ไว้ใจได้ มีระเบียบในชีวิตประจำวัน และมักใช้ชีวิตแบบเดิมซ้ำ ๆ แต่หากถูกรบกวนมากเกินไป อาจแสดงอารมณ์รุนแรงได้ อาจรู้สึกไม่มั่นใจ และตัดสินใจผิดพลาดบ่อยครั้ง เพราะขาดความชัดเจนในใจหรือได้รับคำแนะนำที่ไม่ถูกต้อง ควรศึกษาข้อมูลให้ลึกซึ้งก่อนลงมือ และหาคนที่ไว้ใจได้ไว้ปรึกษา อย่าทำอะไรโดยไม่คิด เพราะอาจนำไปสู่ความเสียใจและความผิดหวัง,
44.0,ท2,4.0,辛,卯,เป็นคนรักความยุติธรรม กล้าหาญ เด็ดขาด ใช้เหตุผล มีหลักการ ชอบความถูกต้อง ไม่โกง มีศักดิ์ศรี ใจกว้าง และไม่คิดเล็กคิดน้อย,,รักความยุติธรรม กล้าหาญ เด็ดขาด มีเหตุผลและหลักการ ชอบความถูกต้อง จริงใจ ไม่คิดเล็กน้อย ให้ความสำคัญกับภาพลักษณ์ มีรสนิยม พูดจาดี ฉลาด มีไหวพริบ วางแผนเก่ง รักศิลปะ เทคโนโลยี ชอบเป็นจุดสนใจ อาจสร้างสถานการณ์ให้ตัวเองโดดเด่น,คุณมีน้ำใจและมีเพื่อนมาก แต่ต้องระวังเรื่องการเงินและสุขภาพ อย่าทำอะไรเกินตัว หรือหลงเชื่อคำพูดสวยหรูเกินจริง เพราะอาจนำไปสู่ความเสียหาย ควรระมัดระวังเรื่องเอกสาร และไม่คล้อยตามคนหมู่มากโดยไม่ไตร่ตรองให้ดี,รักความยุติธรรม ชัดเจน มีเหตุผล จริงใจ ฉลาด ไหวพริบดี ชอบโดดเด่น และใส่ใจภาพลักษณ์ มีเพื่อนเยอะ แต่มักพลาดเรื่องเงินหรือสุขภาพ ระวังเรื่องเอกสารสำคัญและคำพูดสวยหรูจากคนอื่น อย่าคล้อยตามง่าย ๆ โดยไม่คิดให้ดีก่อน,ระมัดระวังสูง ไวต่อสิ่งรอบตัว มักตอบสนองเร็วต่อเสียงหรือสถานการณ์ผิดปกติ ทำอะไรเงียบและรวดเร็ว ไม่ชอบอยู่ในที่โล่งแจ้งหรือเสี่ยงภัย และมักถอยหนีทันทีเมื่อรู้สึกไม่ปลอดภัย มีน้ำใจและมีเพื่อนมาก แต่ต้องระวังเรื่องการเงินและสุขภาพ อย่าทำอะไรเกินตัว หรือหลงเชื่อคำพูดสวยหรูเกินจริง เพราะอาจนำไปสู่ความเสียหาย ควรระมัดระวังเรื่องเอกสาร และไม่คล้อยตามคนหมู่มากโดยไม่ไตร่ตรองให้ดี,
45.0,ท2,6.0,辛,巳,เป็นคนรักความยุติธรรม กล้าหาญ เด็ดขาด ใช้เหตุผล มีหลักการ ชอบความถูกต้อง ไม่โกง มีศักดิ์ศรี ใจกว้าง และไม่คิดเล็กคิดน้อย,,รักความยุติธรรม กล้าหาญ เด็ดขาด มีเหตุผลและหลักการ ชอบความถูกต้อง จริงใจ ไม่คิดเล็กน้อย ให้ความสำคัญกับภาพลักษณ์ มีรสนิยม พูดจาดี ฉลาด มีไหวพริบ วางแผนเก่ง รักศิลปะ เทคโนโลยี ชอบเป็นจุดสนใจ อาจสร้างสถานการณ์ให้ตัวเองโดดเด่น,คุณเป็นคนที่มีเป้าหมายชัดเจน และพัฒนาอย่างต่อเนื่อง แม้คนอื่นจะไม่เข้าใจหรือมองไม่เห็นค่าในตัวคุณ อย่าให้คำพูดคนอื่นมาทำให้ท้อถอย หากคุณมุ่งมั่น ไม่หยุดสร้างสรรค์ผลงาน ความสำเร็จจะเป็นของคุณแน่นอน,รักความยุติธรรม ชัดเจน มีเหตุผล จริงใจ ฉลาด ไหวพริบดี ชอบโดดเด่น และใส่ใจภาพลักษณ์ ถึงแม้คนอื่นจะไม่เข้าใจ ขอแค่เดินตามเป้าหมายต่อไป ผลลัพธ์จะพิสูจน์ทุกอย่างแทนคำพูดได้เอง,เงียบ ขรึม และสุขุม มักใช้เวลาสังเกตก่อนลงมือ เคลื่อนไหวช้าแต่แม่นยำและรวดเร็วเมื่อจำเป็น ไวต่อสภาพแวดล้อมและอารมณ์รอบตัว ชอบอยู่ในที่สงบ ไม่วุ่นวาย และสามารถฟื้นตัวจากปัญหาได้ดีเมื่อมีเวลา เป็นคนที่มีเป้าหมายชัดเจน และพัฒนาอย่างต่อเนื่อง แม้คนอื่นจะไม่เข้าใจหรือมองไม่เห็นค่าในตัวคุณ อย่าให้คำพูดคนอื่นมาทำให้ท้อถอย หากคุณมุ่งมั่น ไม่หยุดสร้างสรรค์ผลงาน ความสำเร็จจะเป็นของคุณแน่นอน,
46.0,ท2,8.0,辛,未,เป็นคนรักความยุติธรรม กล้าหาญ เด็ดขาด ใช้เหตุผล มีหลักการ ชอบความถูกต้อง ไม่โกง มีศักดิ์ศรี ใจกว้าง และไม่คิดเล็กคิดน้อย,,รักความยุติธรรม กล้าหาญ เด็ดขาด มีเหตุผลและหลักการ ชอบความถูกต้อง จริงใจ ไม่คิดเล็กน้อย ให้ความสำคัญกับภาพลักษณ์ มีรสนิยม พูดจาดี ฉลาด มีไหวพริบ วางแผนเก่ง รักศิลปะ เทคโนโลยี ชอบเป็นจุดสนใจ อาจสร้างสถานการณ์ให้ตัวเองโดดเด่น,คุณมีความสามารถมากมาย เพียงแต่ยังไม่ได้นำออกมาใช้ให้เต็มที่ อาจรู้สึกเหนื่อยล้าหรือไม่ทันยุค ควรเปิดใจและพัฒนาตัวเองต่อไป อย่าปล่อยให้คำว่า “ทำไม่ได้” มาขวางกั้น โอกาสจะเกิดเมื่อคุณกล้าเริ่มต้นและใช้ศักยภาพที่มีอย่างจริงจัง,รักความยุติธรรม ชัดเจน มีเหตุผล จริงใจ ฉลาด ไหวพริบดี ชอบโดดเด่น และใส่ใจภาพลักษณ์ เก่ง แต่ยังไม่ใช้เต็มที่ เพราะหมดไฟหรือไม่กล้าลอง ต้องกล้าเริ่ม กล้าทำ ใช้ศักยภาพที่มี แล้วโอกาสจะตามมา,อ่อนโยน ชอบอยู่ร่วมกับผู้อื่นเพื่อความสบายใจ บางครั้งก็ชอบความเป็นส่วนตัว มักไม่แสดงอารมณ์ชัดเจน ชอบสิ่งแวดล้อมที่ปลอดภัยและสงบ เข้าใจความรู้สึกของคนรอบข้าง และใช้การสังเกตอย่างเงียบ ๆ แทนการเผชิญหน้า มีความสามารถมากมาย เพียงแต่ยังไม่ได้นำออกมาใช้ให้เต็มที่ อาจรู้สึกเหนื่อยล้าหรือไม่ทันยุค ควรเปิดใจและพัฒนาตัวเองต่อไป อย่าปล่อยให้คำว่า “ทำไม่ได้” มาขวางกั้น โอกาสจะเกิดเมื่อคุณกล้าเริ่มต้นและใช้ศักยภาพที่มีอย่างจริงจัง,
47.0,ท2,10.0,辛,酉,เป็นคนรักความยุติธรรม กล้าหาญ เด็ดขาด ใช้เหตุผล มีหลักการ ชอบความถูกต้อง ไม่โกง มีศักดิ์ศรี ใจกว้าง และไม่คิดเล็กคิดน้อย,,รักความยุติธรรม กล้าหาญ เด็ดขาด มีเหตุผลและหลักการ ชอบความถูกต้อง จริงใจ ไม่คิดเล็กน้อย ให้ความสำคัญกับภาพลักษณ์ มีรสนิยม พูดจาดี ฉลาด มีไหวพริบ วางแผนเก่ง รักศิลปะ เทคโนโลยี ชอบเป็นจุดสนใจ อาจสร้างสถานการณ์ให้ตัวเองโดดเด่น,คุณมั่นใจในตัวเอง แต่ต้องแบกรับภาระจากครอบครัวมากมาย จนอาจส่งผลต่อการใช้ชีวิต หากทำอะไรเกินตัวจะเสียหาย ควรค่อยเป็นค่อยไป หาความรู้ใหม่ ๆ พัฒนาในสิ่งที่ถนัด และอย่าทำตามกระแส คิดใหม่ ปรับตัว แล้วความรุ่งเรืองจะตามมา,รักความยุติธรรม ชัดเจน มีเหตุผล จริงใจ ฉลาด ไหวพริบดี ชอบโดดเด่น และใส่ใจภาพลักษณ์ มั่นใจ แต่มักต้องแบกภาระเยอะ ควรค่อยเป็นค่อยไป อย่าทำเกินตัว หาความรู้ พัฒนาจากสิ่งที่ถนัด อย่าตามใคร ความรุ่งเรืองจะตามมา,ตรงต่อเวลา รู้บทบาทหน้าที่ของตนเองชัดเจน ยึดหลักลำดับขั้นในสังคม ใส่ใจพื้นที่ส่วนตัวและคนใกล้ชิด ชอบจัดระเบียบชีวิตประจำวัน และไวต่อสิ่งรบกวนหรือความไม่เรียบร้อยรอบตัว มักกระตุ้นให้คนอื่นทำงานอย่างที่ตัวเองหวัง มั่นใจในตัวเอง แต่ต้องแบกรับภาระจากครอบครัวมากมาย จนอาจส่งผลต่อการใช้ชีวิต หากทำอะไรเกินตัวจะเสียหาย ควรค่อยเป็นค่อยไป หาความรู้ใหม่ ๆ พัฒนาในสิ่งที่ถนัด และอย่าทำตามกระแส คิดใหม่ ปรับตัว แล้วความรุ่งเรืองจะตามมา,
48.0,ท2,12.0,辛,亥,เป็นคนรักความยุติธรรม กล้าหาญ เด็ดขาด ใช้เหตุผล มีหลักการ ชอบความถูกต้อง ไม่โกง มีศักดิ์ศรี ใจกว้าง และไม่คิดเล็กคิดน้อย,,รักความยุติธรรม กล้าหาญ เด็ดขาด มีเหตุผลและหลักการ ชอบความถูกต้อง จริงใจ ไม่คิดเล็กน้อย ให้ความสำคัญกับภาพลักษณ์ มีรสนิยม พูดจาดี ฉลาด มีไหวพริบ วางแผนเก่ง รักศิลปะ เทคโนโลยี ชอบเป็นจุดสนใจ อาจสร้างสถานการณ์ให้ตัวเองโดดเด่น,ไม่ว่าคุณจะอยู่ที่ไหน คุณก็มีคุณค่าในตัวเอง ความสามารถของคุณเป็นที่ต้องการของตลาด หากใช้จุดเด่นของตัวเองให้ถูกทาง และพัฒนาความรู้ใหม่ ๆ อย่างสม่ำเสมอ จะทำให้คุณประสบความสำเร็จ และเปลี่ยนแรงบันดาลใจให้กลายเป็นรายได้,รักความยุติธรรม ชัดเจน มีเหตุผล จริงใจ ฉลาด ไหวพริบดี ชอบโดดเด่น และใส่ใจภาพลักษณ์ คุณเก่ง แค่ต้องใช้จุดแข็งให้ถูกที่ พัฒนาตัวเองสม่ำเสมอ จะประสบความสำเร็จ แรงบันดาลใจจะกลายเป็นรายได้ได้จริง,ใจเย็น เฉื่อยชา นอนมาก ชอบขุดคุ้ยเรื่องเก่า ๆ รักความเรียบง่าย ชอบใช้ชีวิตสบาย ๆ ในสิ่งแวดล้อมที่ปลอดภัย มีความละเอียดในสิ่งเล็ก ๆ แม้ดูเงียบเฉย แต่มีสัมผัสไวต่อความรู้สึก และหลีกเลี่ยงสถานการณ์ที่เสียงดังหรือวุ่นวาย ไม่ว่าคุณจะอยู่ที่ไหน คุณก็มีคุณค่าในตัวเอง ความสามารถของคุณเป็นที่ต้องการของตลาด หากใช้จุดเด่นของตัวเองให้ถูกทาง และพัฒนาความรู้ใหม่ ๆ อย่างสม่ำเสมอ จะทำให้คุณประสบความสำเร็จ และเปลี่ยนแรงบันดาลใจให้กลายเป็นรายได้,
49.0,น1,1.0,壬,子,เป็นคนฉลาดเฉียบแหลม คิดไว รู้รอบ ใจใหญ่ วางแผนเก่ง คล่องแคล่ว ปรับตัวง่าย ทำอะไรได้หลายอย่าง มีความสามารถรอบด้าน,ชอบแบ่งปันและประยุกต์ความรู้ ปรับตัวเก่ง อยู่กับใครก็ได้ รักอิสระ ชอบผจญภัย เข้าสังคมเก่ง ชอบเดินทาง คิดลึก รู้สึกไว ชอบเสี่ยง ตั้งใจจริง และไม่ชอบอยู่เฉยหรือตามคนอื่น อารมณ์ทางเพศสูง,ฉลาด เฉียบแหลม ไหวพริบดี วางแผนเก่ง คล่องแคล่ว มีความสามารถรอบด้าน ชอบแบ่งปันและประยุกต์ความรู้ ใจกว้าง อยู่กับใครก็ได้ ปรับตัวเก่ง เข้าสังคมเก่ง รักอิสระ ชอบผจญภัย ชอบเดินทาง คิดลึก รู้สึกไว ชอบเสี่ยง ตั้งใจจริง ไม่ชอบอยู่เฉยหรือตามคนอื่น อารมณ์ทางเพศสูง,คุณมีความสามารถรอบด้าน และสามารถเข้ากับสถานการณ์ต่าง ๆ ได้ดี มีเสน่ห์ เป็นคนจริงใจ และรักคุณธรรม แต่ต้องระวังการหลงตัวเอง หรือถูกคนอื่นนินทา ควรใช้เสน่ห์ในทางที่เหมาะสม จะนำพาคุณไปสู่ชื่อเสียงและความสำเร็จ,ฉลาด หัวไว มีไหวพริบ เก่งรอบด้าน มีความคิดลึกซึ้ง ตั้งใจจริง รักอิสระ ชอบผจญภัย ปรับตัวเก่ง เข้าสังคมได้ทุกที่ ไม่ชอบอยู่เฉย มีเสน่ห์ ใช้ให้ถูกทางจะพาไปได้ไกล ระวังหลงตัวเองจนถูกนินทา ควรรักษาความสมดุลให้ดี,เคลื่อนไหวไว ไหวพริบดี มักระวังตัวและไม่ประมาท ชอบสังเกตและจับจังหวะก่อนลงมือ ชินกับการทำงานหรือใช้ชีวิตในช่วงกลางคืน รู้จักเลือกอยู่ในที่ที่ปลอดภัย และมีนิสัยชอบสะสมหรือเตรียมสำรองไว้ล่วงหน้าเสมอ มีความสามารถรอบด้าน และสามารถเข้ากับสถานการณ์ต่าง ๆ ได้ดี มีเสน่ห์ เป็นคนจริงใจ และรักคุณธรรม แต่ต้องระวังการหลงตัวเอง หรือถูกคนอื่นนินทา ควรใช้เสน่ห์ในทางที่เหมาะสม จะนำพาคุณไปสู่ชื่อเสียงและความสำเร็จ,
50.0,น1,3.0,壬,寅,เป็นคนฉลาดเฉียบแหลม คิดไว รู้รอบ ใจใหญ่ วางแผนเก่ง คล่องแคล่ว ปรับตัวง่าย ทำอะไรได้หลายอย่าง มีความสามารถรอบด้าน,,ฉลาด เฉียบแหลม ไหวพริบดี วางแผนเก่ง คล่องแคล่ว มีความสามารถรอบด้าน ชอบแบ่งปันและประยุกต์ความรู้ ใจกว้าง อยู่กับใครก็ได้ ปรับตัวเก่ง เข้าสังคมเก่ง รักอิสระ ชอบผจญภัย ชอบเดินทาง คิดลึก รู้สึกไว ชอบเสี่ยง ตั้งใจจริง ไม่ชอบอยู่เฉยหรือตามคนอื่น อารมณ์ทางเพศสูง,คุณขยันและไม่กลัวงานหนัก แต่ควรเลือกทำสิ่งที่เหมาะสมกับเวลาและบุคคล อย่าทำอะไรหลายอย่างพร้อมกันหรือเกินกำลัง เพราะอาจกระทบการเงิน ควรตั้งเป้าหมายชัดเจน ทำให้สำเร็จทีละเรื่อง และเปิดใจรับคำแนะนำจากผู้มีประสบการณ์,ฉลาด หัวไว มีไหวพริบ เก่งรอบด้าน มีความคิดลึกซึ้ง ตั้งใจจริง รักอิสระ ชอบผจญภัย ปรับตัวเก่ง เข้าสังคมได้ทุกที่  ไม่ชอบอยู่เฉย ขยันแต่ควรเลือกทำให้เหมาะเวลา อย่าฝืนเกินที่ไหว ตั้งเป้าให้ชัด ทำทีละอย่าง แล้วเปิดใจฟังคนมีประสบการณ์,รักอิสระ มักทำงานคนเดียว ไม่ชอบพึ่งพาผู้อื่น เงียบขรึมแต่ลงมืออย่างแม่นยำ รักพื้นที่ส่วนตัวและไม่ยอมให้ใครล้ำเส้น ใช้พลังเฉพาะเมื่อจำเป็น ไม่แสดงออกเกินเหตุ และมักไม่ไว้ใจสิ่งแปลกหน้าหรือคนที่ไม่คุ้นเคย ขยันและไม่กลัวงานหนัก แต่ควรเลือกทำสิ่งที่เหมาะสมกับเวลาและบุคคล อย่าทำอะไรหลายอย่างพร้อมกันหรือเกินกำลัง เพราะอาจกระทบการเงิน ควรตั้งเป้าหมายชัดเจน ทำให้สำเร็จทีละเรื่อง และเปิดใจรับคำแนะนำจากผู้มีประสบการณ์,
51.0,น1,5.0,壬,辰,เป็นคนฉลาดเฉียบแหลม คิดไว รู้รอบ ใจใหญ่ วางแผนเก่ง คล่องแคล่ว ปรับตัวง่าย ทำอะไรได้หลายอย่าง มีความสามารถรอบด้าน,,ฉลาด เฉียบแหลม ไหวพริบดี วางแผนเก่ง คล่องแคล่ว มีความสามารถรอบด้าน ชอบแบ่งปันและประยุกต์ความรู้ ใจกว้าง อยู่กับใครก็ได้ ปรับตัวเก่ง เข้าสังคมเก่ง รักอิสระ ชอบผจญภัย ชอบเดินทาง คิดลึก รู้สึกไว ชอบเสี่ยง ตั้งใจจริง ไม่ชอบอยู่เฉยหรือตามคนอื่น อารมณ์ทางเพศสูง,คุณเป็นคนมีความสามารถหลายด้าน ทำงานอย่างมีระบบ และกล้าคิดกล้าทำในสิ่งที่เหมาะกับตัวเอง ไม่ตามกระแส หากหมั่นพัฒนาตนเองและมีวินัยในการเก็บออม อนาคตคุณจะมั่นคั่ง ทั้งในด้านการเงินและโอกาสใหม่ ๆ ที่รออยู่ข้างหน้า,ฉลาด หัวไว มีไหวพริบ เก่งรอบด้าน มีความคิดลึกซึ้ง ตั้งใจจริง รักอิสระ ชอบผจญภัย ปรับตัวเก่ง เข้าสังคมได้ทุกที่  ไม่ชอบอยู่เฉย ไม่ตามกระแส มีแนวคิดดี ถ้าพัฒนาอย่างต่อเนื่องและมีวินัยเรื่องเงิน โอกาสใหม่จะเข้ามาเรื่อย ๆ,เปี่ยมด้วยพลังที่หลากหลาย มีความสามารถรอบด้าน มักแสดงออกอย่างโดดเด่นและน่าเกรงขาม บุคลิกสง่างามและลึกลับ มีพลังในการเปลี่ยนแปลงสิ่งรอบตัวได้เหมือนควบคุมธรรมชาติ และอารมณ์เปลี่ยนแปลงรวดเร็ว ยากจะคาดเดา เป็นคนมีความสามารถหลายด้าน ทำงานอย่างมีระบบ และกล้าคิดกล้าทำในสิ่งที่เหมาะกับตัวเอง ไม่ตามกระแส หากหมั่นพัฒนาตนเองและมีวินัยในการเก็บออม อนาคตคุณจะมั่นคั่ง ทั้งในด้านการเงินและโอกาสใหม่ ๆ ที่รออยู่ข้างหน้า,
52.0,น1,7.0,壬,午,เป็นคนฉลาดเฉียบแหลม คิดไว รู้รอบ ใจใหญ่ วางแผนเก่ง คล่องแคล่ว ปรับตัวง่าย ทำอะไรได้หลายอย่าง มีความสามารถรอบด้าน,,ฉลาด เฉียบแหลม ไหวพริบดี วางแผนเก่ง คล่องแคล่ว มีความสามารถรอบด้าน ชอบแบ่งปันและประยุกต์ความรู้ ใจกว้าง อยู่กับใครก็ได้ ปรับตัวเก่ง เข้าสังคมเก่ง รักอิสระ ชอบผจญภัย ชอบเดินทาง คิดลึก รู้สึกไว ชอบเสี่ยง ตั้งใจจริง ไม่ชอบอยู่เฉยหรือตามคนอื่น อารมณ์ทางเพศสูง,คุณเป็นคนเข้าสังคมเก่ง เป็นที่รักของผู้คน และมีความสามารถหลายด้าน แต่ควรระวังการวางตัวไม่ให้ดูเสแสร้ง หรือสร้างภาพจนคนไม่ไว้ใจ อย่าหยุดพัฒนาตัวเองกับความสำเร็จที่เคยมี หากเดินต่ออย่างมั่นคง จะมีทั้งความมั่นคงและรายได้ที่ดี,ฉลาด หัวไว มีไหวพริบ เก่งรอบด้าน มีความคิดลึกซึ้ง ตั้งใจจริง รักอิสระ ชอบผจญภัย ปรับตัวเก่ง เข้าสังคมได้ทุกที่ ไม่ชอบอยู่เฉย เป็นที่รักของผู้คน แต่ต้องวางตัวให้ดี อย่าให้ดูเสแสร้ง และอย่าหยุดพัฒนา จะได้ทั้งเงินและความมั่นคง,กระฉับกระเฉง รักอิสระ ไม่ชอบการถูกบังคับ ตอบสนองไวต่อสิ่งเร้า ชอบมีสังคมเพื่อความมั่นใจ แต่ก็ต้องการพื้นที่ส่วนตัวในการปลดปล่อยพลังงาน เมื่อเริ่มต้นสิ่งใดแล้วมักหยุดยากหากยังมีแรงผลักดัน เป็นคนเข้าสังคมเก่ง เป็นที่รักของผู้คน และมีความสามารถหลายด้าน แต่ควรระวังการวางตัวไม่ให้ดูเสแสร้ง หรือสร้างภาพจนคนไม่ไว้ใจ อย่าหยุดพัฒนาตัวเองกับความสำเร็จที่เคยมี หากเดินต่ออย่างมั่นคง จะมีทั้งความมั่นคงและรายได้ที่ดี,
53.0,น1,9.0,壬,申,เป็นคนฉลาดเฉียบแหลม คิดไว รู้รอบ ใจใหญ่ วางแผนเก่ง คล่องแคล่ว ปรับตัวง่าย ทำอะไรได้หลายอย่าง มีความสามารถรอบด้าน,,ฉลาด เฉียบแหลม ไหวพริบดี วางแผนเก่ง คล่องแคล่ว มีความสามารถรอบด้าน ชอบแบ่งปันและประยุกต์ความรู้ ใจกว้าง อยู่กับใครก็ได้ ปรับตัวเก่ง เข้าสังคมเก่ง รักอิสระ ชอบผจญภัย ชอบเดินทาง คิดลึก รู้สึกไว ชอบเสี่ยง ตั้งใจจริง ไม่ชอบอยู่เฉยหรือตามคนอื่น อารมณ์ทางเพศสูง,คุณฉลาด มีความสามารถ และต่อสู้กับอุปสรรคได้ดี แต่บางครั้งอาจดูหยิ่งและไม่ยอมใคร ถึงแม้ความเก่ง ความมุ่งมั่นอดทนของคุณ จะช่วยให้ฝ่าฟันอุปสรรคได้ แต่ความมั่นใจที่มากเกินไปอาจนำไปสู่ความล้มเหลวได้เช่นกัน ควรใช้ความสามารถอย่างมีสติ และระวังไม่ใช้อำนาจในทางที่ผิด,ฉลาด หัวไว มีไหวพริบ เก่งรอบด้าน มีความคิดลึกซึ้ง ตั้งใจจริง รักอิสระ ชอบผจญภัย ปรับตัวเก่ง เข้าสังคมได้ทุกที่ ไม่ชอบอยู่เฉย ฝ่าฟันเก่ง แต่มั่นใจมากไปอาจดูหยิ่งและทำพังได้ ใช้ความสามารถด้วยสติ ระวังใช้อำนาจผิดทางโดยไม่รู้ตัว,คล่องแคล่ว ว่องไว มีความอยากรู้อยากเห็นสูง รักการเรียนรู้และทดลองสิ่งใหม่ มักใช้วิธีคิดสร้างสรรค์ แฝงอารมณ์ขัน และสามารถใช้สิ่งรอบตัวให้เกิดประโยชน์ได้อย่างชาญฉลาด ไม่ชอบให้ใครมาล่วงล้ำพื้นที่ส่วนตัว มีความฉลาด มีความสามารถ และต่อสู้กับอุปสรรคได้ดี แต่บางครั้งอาจดูหยิ่งและไม่ยอมใคร ถึงแม้ความเก่ง ความมุ่งมั่นอดทนของคุณ จะช่วยให้ฝ่าฟันอุปสรรคได้ แต่ความมั่นใจที่มากเกินไปอาจนำไปสู่ความล้มเหลวได้เช่นกัน ควรใช้ความสามารถอย่างมีสติ และระวังไม่ใช้อำนาจในทางที่ผิด,
54.0,น1,11.0,壬,戌,เป็นคนฉลาดเฉียบแหลม คิดไว รู้รอบ ใจใหญ่ วางแผนเก่ง คล่องแคล่ว ปรับตัวง่าย ทำอะไรได้หลายอย่าง มีความสามารถรอบด้าน,,ฉลาด เฉียบแหลม ไหวพริบดี วางแผนเก่ง คล่องแคล่ว มีความสามารถรอบด้าน ชอบแบ่งปันและประยุกต์ความรู้ ใจกว้าง อยู่กับใครก็ได้ ปรับตัวเก่ง เข้าสังคมเก่ง รักอิสระ ชอบผจญภัย ชอบเดินทาง คิดลึก รู้สึกไว ชอบเสี่ยง ตั้งใจจริง ไม่ชอบอยู่เฉยหรือตามคนอื่น อารมณ์ทางเพศสูง,คุณเป็นคนใจดี มีเมตตา และชอบช่วยเหลือผู้อื่น แต่ควรช่วยเหลือเท่าที่จำเป็น เพราะหากช่วยมากเกินไป คนที่ได้รับอาจไม่รู้จักพึ่งพาตัวเอง คุณมีวิสัยทัศน์ทางธุรกิจที่ดี แต่ควรระวังการลงทุนระยะยาวที่หวังผลเพื่อให้ลูกหลาน เพราะอาจไม่ได้ผลตามที่คาดหวัง,ฉลาด หัวไว มีไหวพริบ เก่งรอบด้าน มีความคิดลึกซึ้ง ตั้งใจจริง รักอิสระ ชอบผจญภัย ปรับตัวเก่ง เข้าสังคมได้ทุกที่ ไม่ชอบอยู่เฉย ช่วยคนได้ แต่อย่าช่วยเกินไปจนอีกฝ่ายไม่โตเอง ลงทุนระยะยาวต้องรอบคอบ อาจไม่เป็นตามที่หวัง,จงรักภักดี ซื่อสัตย์ ชัดเจนในความสัมพันธ์ พร้อมปกป้องคนที่รัก สื่อสารตรงไปตรงมา และใช้สัญชาตญาณในการแยกแยะความรู้สึกของผู้คน รักษาระเบียบในกลุ่ม และยึดถือความสัมพันธ์แบบมีลำดับขั้น เป็นคนใจดี มีเมตตา และชอบช่วยเหลือผู้อื่น แต่ควรช่วยเหลือเท่าที่จำเป็น เพราะหากช่วยมากเกินไป คนที่ได้รับอาจไม่รู้จักพึ่งพาตัวเอง คุณมีวิสัยทัศน์ทางธุรกิจที่ดี แต่ควรระวังการลงทุนระยะยาวที่หวังผลเพื่อให้ลูกหลาน เพราะอาจไม่ได้ผลตามที่คาดหวัง,
55.0,น2,2.0,癸,丑,เป็นคนฉลาดเฉียบแหลม คิดไว รู้รอบ ใจใหญ่ วางแผนเก่ง คล่องแคล่ว ปรับตัวง่าย ทำอะไรได้หลายอย่าง มีความสามารถรอบด้าน,เป็นคนสงบ เยือกเย็น ชอบช่วยเหลือ มีความคิดสร้างสรรค์ ชอบสิ่งลึกลับและไม่เหมือนใคร ฉลาด เรียนรู้เร็ว มีลางสังหรณ์ รักอิสระ เข้าใจสิ่งต่าง ๆ ได้ลึกซึ้ง แต่ไม่ชอบแสดงออก อ่านใจยาก โรแมนติก และไม่ชอบหยุดนิ่ง,ฉลาด เฉียบแหลม ไหวพริบดี สงบ เยือกเย็น ชอบช่วยเหลือ วางแผนเก่ง คล่องแคล่ว ปรับตัวง่าย มีความสามารถรอบด้าน ชอบสิ่งลึกลับและไม่เหมือนใคร มีลางสังหรณ์ รักอิสระ ไม่ชอบหยุดนิ่ง โรแมนติก เข้าใจสิ่งต่าง ๆ ได้ลึกซึ้ง แต่ไม่ชอบแสดงออก อ่านใจยาก,คุณเป็นที่ยอมรับจากผู้คนหลากหลาย มีความรู้จากประสบการณ์เดิม แต่การยึดมั่นในความคิดแบบเดิมอาจเป็นอุปสรรคได้ ควรเปิดใจรับฟังคนอื่น และใช้ความรู้เดิมอย่างสร้างสรรค์ วางตัวให้ดี จะทำให้คุณเติบโตและได้รับการยอมรับมากยิ่งขึ้น,ฉลาด เก่งรอบด้าน สงบ เยือกเย็น อ่านใจยาก ปรับตัวไว มีความคิดลึกซึ้ง รักอิสระ มีลางสังหรณ์ ชอบสิ่งลึกลับ ไม่ชอบหยุดนิ่ง มีประสบการณ์เยอะ เป็นที่ยอมรับจากหลายคน แต่ยึดติดแนวเดิม ลองเปิดใจฟังคนอื่น แล้วใช้ของที่มีให้คุ้ม,สุขุม อดทน เดินหน้าอย่างมั่นคง ไม่เร่งรีบ รักความสงบและไม่ชอบความขัดแย้ง ชอบอยู่ร่วมกับคนที่ไว้ใจได้ มีระเบียบในชีวิตประจำวัน และมักใช้ชีวิตแบบเดิมซ้ำ ๆ แต่หากถูกรบกวนมากเกินไป อาจแสดงอารมณ์รุนแรงได้ เป็นที่ยอมรับจากผู้คนหลากหลาย มีความรู้จากประสบการณ์เดิม แต่การยึดมั่นในความคิดแบบเดิมอาจเป็นอุปสรรคได้ ควรเปิดใจรับฟังคนอื่น และใช้ความรู้เดิมอย่างสร้างสรรค์ วางตัวให้ดี จะทำให้คุณเติบโตและได้รับการยอมรับมากยิ่งขึ้น,
56.0,น2,4.0,癸,卯,เป็นคนฉลาดเฉียบแหลม คิดไว รู้รอบ ใจใหญ่ วางแผนเก่ง คล่องแคล่ว ปรับตัวง่าย ทำอะไรได้หลายอย่าง มีความสามารถรอบด้าน,,ฉลาด เฉียบแหลม ไหวพริบดี สงบ เยือกเย็น ชอบช่วยเหลือ วางแผนเก่ง คล่องแคล่ว ปรับตัวง่าย มีความสามารถรอบด้าน ชอบสิ่งลึกลับและไม่เหมือนใคร มีลางสังหรณ์ รักอิสระ ไม่ชอบหยุดนิ่ง โรแมนติก เข้าใจสิ่งต่าง ๆ ได้ลึกซึ้ง แต่ไม่ชอบแสดงออก อ่านใจยาก,คุณมีความงามและจิตใจดี เป็นคนที่ใส่ใจคนรอบข้าง หากพัฒนาความสามารถอย่างต่อเนื่อง จะได้รับการยอมรับจากผู้ใหญ่ และสมปราถนาในสิ่งที่ต้องการ ควรหลีกเลี่ยงสิ่งที่เป็นอันตราต่อร่างกาย และการห่วงความงามภายนอกมากเกินไปจนละเลยการพัฒนาความสามารถภายใน,ฉลาด เก่งรอบด้าน สงบ เยือกเย็น อ่านใจยาก ปรับตัวไว มีความคิดลึกซึ้ง รักอิสระ มีลางสังหรณ์ ชอบสิ่งลึกลับ ไม่ชอบหยุดนิ่ง จิตใจดี ใส่ใจคนรอบตัว ระวังความซุ่มซ่ามและอย่าห่วงภาพลักษณ์จนลืมพัฒนาความสามารถภายใน,ระมัดระวังสูง ไวต่อสิ่งรอบตัว มักตอบสนองเร็วต่อเสียงหรือสถานการณ์ผิดปกติ ทำอะไรเงียบและรวดเร็ว ไม่ชอบอยู่ในที่โล่งแจ้งหรือเสี่ยงภัย และมักถอยหนีทันทีเมื่อรู้สึกไม่ปลอดภัย มีความงามและจิตใจดี เป็นคนที่ใส่ใจคนรอบข้าง หากพัฒนาความสามารถอย่างต่อเนื่อง จะได้รับการยอมรับจากผู้ใหญ่ และสมปราถนาในสิ่งที่ต้องการ ควรหลีกเลี่ยงสิ่งที่เป็นอันตรายต่อร่างกาย และการห่วงความงามภายนอกมากเกินไปจนละเลยการพัฒนาความสามารถภายใน,
57.0,น2,6.0,癸,巳,เป็นคนฉลาดเฉียบแหลม คิดไว รู้รอบ ใจใหญ่ วางแผนเก่ง คล่องแคล่ว ปรับตัวง่าย ทำอะไรได้หลายอย่าง มีความสามารถรอบด้าน,,ฉลาด เฉียบแหลม ไหวพริบดี สงบ เยือกเย็น ชอบช่วยเหลือ วางแผนเก่ง คล่องแคล่ว ปรับตัวง่าย มีความสามารถรอบด้าน ชอบสิ่งลึกลับและไม่เหมือนใคร มีลางสังหรณ์ รักอิสระ ไม่ชอบหยุดนิ่ง โรแมนติก เข้าใจสิ่งต่าง ๆ ได้ลึกซึ้ง แต่ไม่ชอบแสดงออก อ่านใจยาก,คุณมีความสามารถเฉพาะทาง หากเริ่มต้นจากสิ่งที่ถนัดและพัฒนาไปทีละขั้น ความสำเร็จจะค่อย ๆ ปรากฏ แม้เส้นทางจะยากลำบาก แต่ถ้าคุณตั้งใจ อดทนและไม่รีบร้อน ก็จะวางรากฐานที่มั่นคงให้กับชีวิตได้,ฉลาด เก่งรอบด้าน สงบ เยือกเย็น อ่านใจยาก ปรับตัวไว มีความคิดลึกซึ้ง รักอิสระ มีลางสังหรณ์ ชอบสิ่งลึกลับ ไม่ชอบหยุดนิ่ง ถ้าเริ่มจากจุดที่ถนัดและพัฒนาไปเรื่อย ๆ ความสำเร็จจะค่อย ๆ ชัดขึ้น,เงียบ ขรึม และสุขุม มักใช้เวลาสังเกตก่อนลงมือ เคลื่อนไหวช้าแต่แม่นยำและรวดเร็วเมื่อจำเป็น ไวต่อสภาพแวดล้อมและอารมณ์รอบตัว ชอบอยู่ในที่สงบ ไม่วุ่นวาย และสามารถฟื้นตัวจากปัญหาได้ดีเมื่อมีเวลา มีความสามารถเฉพาะทาง หากเริ่มต้นจากสิ่งที่ถนัดและพัฒนาไปทีละขั้น ความสำเร็จจะค่อย ๆ ปรากฏ แม้เส้นทางจะยากลำบาก แต่ถ้าคุณตั้งใจ อดทนและไม่รีบร้อน ก็จะวางรากฐานที่มั่นคงให้กับชีวิตได้,
58.0,น2,8.0,癸,未,เป็นคนฉลาดเฉียบแหลม คิดไว รู้รอบ ใจใหญ่ วางแผนเก่ง คล่องแคล่ว ปรับตัวง่าย ทำอะไรได้หลายอย่าง มีความสามารถรอบด้าน,,ฉลาด เฉียบแหลม ไหวพริบดี สงบ เยือกเย็น ชอบช่วยเหลือ วางแผนเก่ง คล่องแคล่ว ปรับตัวง่าย มีความสามารถรอบด้าน ชอบสิ่งลึกลับและไม่เหมือนใคร มีลางสังหรณ์ รักอิสระ ไม่ชอบหยุดนิ่ง โรแมนติก เข้าใจสิ่งต่าง ๆ ได้ลึกซึ้ง แต่ไม่ชอบแสดงออก อ่านใจยาก,คุณอาจอยู่ในสภาพแวดล้อมที่ไม่เหมาะกับการพัฒนาตัวเอง ควรค้นหาตัวเองให้เจอ และอย่ายึดติดกับรูปแบบเดิม ๆ ที่ไม่ส่งเสริมความฝัน ความสำเร็จจะเกิดได้เมื่อคุณกล้าออกจากจุดเดิม กล้างลงมือทำ อดทนและพัฒนาตัวเองอย่างต่อเนื่อง เพื่อเป้าหมายที่ต้องการ,ฉลาด เก่งรอบด้าน สงบ เยือกเย็น อ่านใจยาก ปรับตัวไว มีความคิดลึกซึ้ง รักอิสระ ชอบสิ่งลึกลับ ไม่ชอบหยุดนิ่ง สิ่งรอบตัวอาจไม่ช่วยให้โต ลองขยับจากจุดเดิม ค้นหาตัวเอง แล้วอดทนเดินตามเป้าหมายอย่างต่อเนื่อง,อ่อนโยน ชอบอยู่ร่วมกับผู้อื่นเพื่อความสบายใจ บางครั้งก็ชอบความเป็นส่วนตัว มักไม่แสดงอารมณ์ชัดเจน ชอบสิ่งแวดล้อมที่ปลอดภัยและสงบ เข้าใจความรู้สึกของคนรอบข้าง และใช้การสังเกตอย่างเงียบ ๆ แทนการเผชิญหน้า อาจอยู่ในสภาพแวดล้อมที่ไม่เหมาะกับการพัฒนาตัวเอง ควรค้นหาตัวเองให้เจอ และอย่ายึดติดกับรูปแบบเดิม ๆ ที่ไม่ส่งเสริมความฝัน ความสำเร็จจะเกิดได้เมื่อคุณกล้าออกจากจุดเดิม กล้าลงมือทำ อดทนและพัฒนาตัวเองอย่างต่อเนื่อง เพื่อเป้าหมายที่ต้องการ,
59.0,น2,10.0,癸,酉,เป็นคนฉลาดเฉียบแหลม คิดไว รู้รอบ ใจใหญ่ วางแผนเก่ง คล่องแคล่ว ปรับตัวง่าย ทำอะไรได้หลายอย่าง มีความสามารถรอบด้าน,,ฉลาด เฉียบแหลม ไหวพริบดี สงบ เยือกเย็น ชอบช่วยเหลือ วางแผนเก่ง คล่องแคล่ว ปรับตัวง่าย มีความสามารถรอบด้าน ชอบสิ่งลึกลับและไม่เหมือนใคร มีลางสังหรณ์ รักอิสระ ไม่ชอบหยุดนิ่ง โรแมนติก เข้าใจสิ่งต่าง ๆ ได้ลึกซึ้ง แต่ไม่ชอบแสดงออก อ่านใจยาก,คุณเหมาะกับงานที่เกี่ยวข้องกับการเดินทาง หรือแสวงหาโอกาสจากสถานที่ใหม่ ๆ แต่ต้องระวังคำพูดที่อาจสร้างความเข้าใจผิด ความมั่นใจที่มากเกินไปอาจทำให้เกิดปัญหาและเสียความน่าเชื่อถือได้ ควรใช้ความรู้ความสามารถอย่างมีวุฒิภาวะ,ฉลาด เก่งรอบด้าน สงบ เยือกเย็น อ่านใจยาก ปรับตัวไว มีความคิดลึกซึ้ง รักอิสระ มีลางสังหรณ์ ชอบสิ่งลึกลับ ไม่ชอบหยุดนิ่ง เหมาะกับงานที่เดินทางเยอะ แต่ต้องระวังคำพูดแรง ๆ และความมั่นใจเกินไปที่อาจทำให้พัง,ตรงต่อเวลา รู้บทบาทหน้าที่ของตนเองชัดเจน ยึดหลักลำดับขั้นในสังคม ใส่ใจพื้นที่ส่วนตัวและคนใกล้ชิด ชอบจัดระเบียบชีวิตประจำวัน และไวต่อสิ่งรบกวนหรือความไม่เรียบร้อยรอบตัว มักกระตุ้นให้คนอื่นทำงานอย่างที่ตัวเองหวัง เหมาะกับงานที่เกี่ยวข้องกับการเดินทาง หรือแสวงหาโอกาสจากสถานที่ใหม่ ๆ แต่ต้องระวังคำพูดที่อาจสร้างความเข้าใจผิด ความมั่นใจที่มากเกินไปอาจทำให้เกิดปัญหาและเสียความน่าเชื่อถือได้ ควรใช้ความรู้ความสามารถอย่างมีวุฒิภาวะ,
60.0,น2,12.0,癸,亥,เป็นคนฉลาดเฉียบแหลม คิดไว รู้รอบ ใจใหญ่ วางแผนเก่ง คล่องแคล่ว ปรับตัวง่าย ทำอะไรได้หลายอย่าง มีความสามารถรอบด้าน,,ฉลาด เฉียบแหลม ไหวพริบดี สงบ เยือกเย็น ชอบช่วยเหลือ วางแผนเก่ง คล่องแคล่ว ปรับตัวง่าย มีความสามารถรอบด้าน ชอบสิ่งลึกลับและไม่เหมือนใคร มีลางสังหรณ์ รักอิสระ ไม่ชอบหยุดนิ่ง โรแมนติก เข้าใจสิ่งต่าง ๆ ได้ลึกซึ้ง แต่ไม่ชอบแสดงออก อ่านใจยาก,คุณเป็นคนมีความรู้มาก แต่บางครั้งความรู้ที่มากเกินไปอาจทำให้จัดการชีวิตไม่เป็นระเบียบ อีกทั้งความเจ้าชู้หรือนิสัยขี้เล่นมากเกินไปอาจสร้างปัญหาในชีวิตได้ ควรลดทะนงตนและความยึดมั่นในตัวเอง และใช้ความรู้ไปในทางที่เหมาะสม,ฉลาด เก่งรอบด้าน สงบ เยือกเย็น อ่านใจยาก ปรับตัวไว มีความคิดลึกซึ้ง รักอิสระ มีลางสังหรณ์ ชอบสิ่งลึกลับ ไม่ชอบหยุดนิ่ง แต่ชีวิตอาจวุ่นเพราะจัดการไม่เป็น หรือติดเล่นมากไป ควรลดความยึดมั่น และใช้สิ่งที่รู้ให้ถูกจังหวะ,ใจเย็น เฉื่อยชา นอนมาก ชอบขุดคุ้ยเรื่องเก่า ๆ รักความเรียบง่าย ชอบใช้ชีวิตสบาย ๆ ในสิ่งแวดล้อมที่ปลอดภัย มีความละเอียดในสิ่งเล็ก ๆ แม้ดูเงียบเฉย แต่มีสัมผัสไวต่อความรู้สึก และหลีกเลี่ยงสถานการณ์ที่เสียงดังหรือวุ่นวาย เป็นคนมีความรู้มาก แต่บางครั้งความรู้ที่มากเกินไปอาจทำให้จัดการชีวิตไม่เป็นระเบียบ อีกทั้งความเจ้าชู้หรือนิสัยขี้เล่นมากเกินไปอาจสร้างปัญหาในชีวิตได้ ควรลดทะนงตนและความยึดมั่นในตัวเอง และใช้ความรู้ไปในทางที่เหมาะสม,
,,,,,,,,,,,
,,,,,,,,,,,
